,RADeg,decDeg,y_c,SNR,numSigPix,snr_threshold,template,iter_idx,idx,iter_num,patch_num,patch_idx
0,25.916666666666742,6.427333333333355,5.859646806087244e-05,90.9919942806529,1340,50.0,gauss0.65arcmin,10,0,1,0,0.0
1,26.064666666666763,5.040666666666684,3.402290783866508e-05,50.4842408478462,9,50.0,gauss0.4arcmin,5,1,1,0,1.0
2,25.89333333333342,6.4260000000000215,2.362189767211795e-05,36.28548693939883,447,25.0,gauss0.45arcmin,13,2,2,0,2.0
3,25.854666666666752,6.068000000000021,1.8871230290353945e-05,29.06030959454345,231,25.0,gauss0.5arcmin,18,3,2,0,3.0
4,26.432666666666744,6.94266666666669,2.026660631450888e-05,29.056416094744996,131,25.0,gauss0.35arcmin,6,4,2,0,4.0
5,26.089333333333418,6.559333333333355,1.7468977728800957e-05,27.333959786582845,136,25.0,gauss0.5arcmin,20,5,2,0,5.0
6,26.474000000000075,6.348666666666688,1.7853787931703383e-05,23.75950860882058,296,15.0,gauss0.3arcmin,12,6,3,0,6.0
7,26.25800000000008,6.664666666666689,1.5565543770519773e-05,23.493634501821028,470,15.0,gauss0.4arcmin,39,7,3,0,7.0
8,25.936666666666746,6.422000000000022,1.2977787294113972e-05,20.84337469125189,648,15.0,gauss0.6arcmin,94,8,3,0,8.0
9,26.78733333333343,5.012666666666684,1.2996269169391172e-05,20.810815706037214,802,15.0,gauss0.75arcmin,127,9,3,0,9.0
10,26.104666666666763,6.188000000000021,1.4708036358240126e-05,20.805694366000168,278,15.0,gauss0.35arcmin,27,10,3,0,10.0
11,25.88933333333343,5.233333333333351,1.4432098313239662e-05,20.417954481036027,253,15.0,gauss0.35arcmin,28,11,3,0,11.0
12,25.01733333333341,7.040000000000024,1.1655392201277592e-05,20.202982418883263,462,15.0,gauss0.55arcmin,83,12,3,0,12.0
13,26.068666666666758,6.349333333333354,1.5021251414715544e-05,20.144195202422125,173,15.0,gauss0.3arcmin,15,13,3,0,13.0
14,26.342000000000088,6.309333333333354,1.3092093068689956e-05,19.939456890631032,349,15.0,gauss0.45arcmin,59,14,3,0,14.0
15,26.18133333333343,6.509333333333355,1.2252684514657464e-05,19.75805427947304,884,15.0,gauss0.75arcmin,129,15,3,0,15.0
16,25.332666666666764,5.821333333333354,1.2156100790598044e-05,18.991933747654446,243,15.0,gauss0.4arcmin,47,16,3,0,16.0
17,25.434000000000086,6.98266666666669,1.1027398584572052e-05,18.45609812880656,289,15.0,gauss0.5arcmin,76,17,3,0,17.0
18,26.02333333333341,5.388000000000019,1.1814863832352084e-05,16.71496501682975,90,15.0,gauss0.35arcmin,36,18,3,0,18.0
19,26.10866666666675,5.050666666666684,1.1292844460171562e-05,16.009065447119497,52,15.0,gauss0.35arcmin,37,19,3,0,19.0
20,26.393333333333413,6.376000000000022,9.785006401268423e-06,14.90097106183395,174,12.5,gauss0.4arcmin,41,20,4,0,20.0
21,25.841333333333427,6.368000000000022,1.08844572963431e-05,14.815037025737816,112,12.5,gauss0.3arcmin,11,21,4,0,21.0
22,25.931333333333423,5.93400000000002,1.0208187969931291e-05,14.600841290010925,126,12.5,gauss0.35arcmin,28,22,4,0,22.0
23,25.60866666666676,6.563333333333356,8.505854013741578e-06,14.526649480178936,284,12.5,gauss0.6arcmin,79,23,4,0,23.0
24,26.248666666666743,5.65400000000002,1.0104520238128994e-05,14.386258516705,111,12.5,gauss0.35arcmin,29,24,4,0,24.0
25,26.63133333333343,6.142666666666687,1.0877289747355692e-05,14.32336113617848,85,12.5,gauss0.3arcmin,14,25,4,0,25.0
26,26.13733333333342,6.4260000000000215,9.694110378057216e-06,14.207825357632505,99,12.5,gauss0.35arcmin,30,26,4,0,26.0
27,25.919333333333427,5.653333333333353,9.820766308338732e-06,14.015514015388046,96,12.5,gauss0.35arcmin,32,27,4,0,27.0
28,26.6980000000001,6.94266666666669,1.0159233078162775e-05,13.973322344875193,60,12.5,gauss0.3arcmin,17,28,4,0,28.0
29,26.451333333333416,5.768666666666686,9.16927555081742e-06,13.920927256854249,135,12.5,gauss0.45arcmin,59,29,4,0,29.0
30,27.03800000000008,5.394000000000018,1.0358989360045234e-05,13.594927756537672,51,12.5,gauss0.3arcmin,19,30,4,0,30.0
31,26.66200000000009,5.360666666666685,9.743947063231925e-06,13.481727938167266,60,12.5,gauss0.35arcmin,34,31,4,0,31.0
32,26.2100000000001,5.360666666666685,7.869804732396643e-06,12.887158872033476,86,12.5,gauss0.75arcmin,92,32,4,0,32.0
33,26.25200000000009,5.5260000000000185,9.000181475986086e-06,12.78161686763109,17,12.5,gauss0.35arcmin,38,33,4,0,33.0
34,26.841333333333417,5.754000000000019,9.05046065967776e-06,12.7461906390918,15,12.5,gauss0.35arcmin,39,34,4,0,34.0
35,26.59466666666676,5.956666666666687,9.01644835078134e-06,12.721895508065618,14,12.5,gauss0.35arcmin,40,35,4,0,35.0
36,26.268666666666768,5.394000000000018,1.0595446290911168e-05,12.596913215071924,4,12.5,gauss0.25arcmin,10,36,4,0,36.0
37,25.53866666666676,5.474666666666685,8.135558635054069e-06,12.530865721056426,3,12.5,gauss0.4arcmin,0,37,5,0,37.0
38,26.078666666666752,5.02533333333335,7.938200760868571e-06,12.514458472125476,4,12.5,gauss0.45arcmin,0,38,6,0,38.0
39,26.431333333333416,5.944666666666687,7.473063850585712e-06,12.094467182381068,368,10.0,gauss0.6arcmin,90,39,7,0,39.0
40,24.97933333333341,6.110666666666687,8.335926265720311e-06,11.850550107573827,106,10.0,gauss0.3arcmin,14,40,7,0,40.0
41,25.502000000000088,5.294000000000018,7.771945269951984e-06,11.461759483933587,109,10.0,gauss0.35arcmin,31,41,7,0,41.0
42,26.907333333333423,6.040666666666687,9.516920458788144e-06,11.349835411376205,59,10.0,gauss0.25arcmin,1,42,7,0,42.0
43,24.98933333333341,6.494666666666689,6.97723243774964e-06,11.20735449746049,116,10.0,gauss0.4arcmin,51,43,7,0,43.0
44,26.565333333333424,6.355333333333355,8.219669422399688e-06,11.191684268625345,65,10.0,gauss0.3arcmin,16,44,7,0,44.0
45,25.42266666666676,5.464666666666685,9.06969704754566e-06,11.184164410945996,58,10.0,gauss0.25arcmin,2,45,7,0,45.0
46,25.936000000000075,6.197333333333354,8.246117096256587e-06,11.150421009374131,71,10.0,gauss0.3arcmin,18,46,7,0,46.0
47,25.25933333333342,5.740666666666686,7.910487886407815e-06,11.03732468877126,59,10.0,gauss0.3arcmin,20,47,7,0,47.0
48,24.971333333333405,7.001333333333357,7.612960482413245e-06,11.028542536190042,65,10.0,gauss0.3arcmin,21,48,7,0,48.0
49,26.328666666666763,6.081333333333354,8.088018646492829e-06,10.845514951907605,49,10.0,gauss0.3arcmin,22,49,7,0,49.0
50,26.490666666666748,6.83066666666669,6.852363619324017e-06,10.640551472033817,62,10.0,gauss0.4arcmin,55,50,7,0,50.0
51,25.420666666666737,6.568000000000022,5.955626230792877e-06,10.576093203131908,130,10.0,gauss0.7arcmin,101,51,7,0,51.0
52,26.641333333333428,6.618666666666689,7.046212044201732e-06,10.45272545568204,37,10.0,gauss0.35arcmin,42,52,7,0,52.0
53,25.89333333333342,6.442666666666688,7.54362497281234e-06,10.392629550040905,27,10.0,gauss0.3arcmin,26,53,7,0,53.0
54,25.588000000000093,5.461333333333352,7.553967501198565e-06,10.355713085009455,23,10.0,gauss0.3arcmin,27,54,7,0,54.0
55,25.02200000000009,6.4900000000000215,6.411628393458462e-06,10.204266159677172,22,10.0,gauss0.4arcmin,60,55,7,0,55.0
56,25.716666666666757,6.626666666666689,6.8421356312095215e-06,10.156449090217205,14,10.0,gauss0.35arcmin,45,56,7,0,56.0
57,25.021333333333427,6.849333333333357,6.68508232186762e-06,10.14705294029317,12,10.0,gauss0.35arcmin,46,57,7,0,57.0
58,26.967333333333418,6.00000000000002,6.280596269362723e-06,10.102428899343392,18,10.0,gauss0.55arcmin,89,58,7,0,58.0
59,26.183333333333422,6.485333333333355,6.267388409793396e-06,10.056622961661668,7,10.0,gauss0.45arcmin,1,59,8,0,59.0
60,26.20133333333343,5.478000000000018,6.3706294611609385e-06,10.039833803100182,6,10.0,gauss0.45arcmin,2,60,8,0,60.0
61,26.034000000000077,5.00333333333335,6.776407499772782e-06,9.969810299628682,231,7.5,gauss0.35arcmin,89,61,9,0,61.0
62,26.68200000000009,6.174666666666687,8.240952651981537e-06,9.872749370118234,128,7.5,gauss0.25arcmin,0,62,9,0,62.0
63,25.83400000000009,7.01266666666669,6.228269814436777e-06,9.856747217566296,260,7.5,gauss0.4arcmin,137,63,9,0,63.0
64,26.470666666666748,6.625333333333356,6.510973788720677e-06,9.74711137283876,198,7.5,gauss0.35arcmin,91,64,9,0,64.0
65,25.89933333333343,6.408666666666688,5.735415814668357e-06,9.74420464957515,955,7.5,gauss0.75arcmin,325,65,9,0,65.0
66,26.05333333333341,5.038666666666684,5.635821958366986e-06,9.633080218521105,1161,7.5,gauss0.75arcmin,326,66,9,0,66.0
67,26.358000000000096,5.256000000000018,8.102314367128068e-06,9.60491991526016,115,7.5,gauss0.25arcmin,1,67,9,0,67.0
68,25.84200000000009,5.225333333333351,7.0740831625043525e-06,9.543002145077292,140,7.5,gauss0.3arcmin,45,68,9,0,68.0
69,26.93666666666676,6.563333333333356,6.352607685206304e-06,9.522849713575429,189,7.5,gauss0.35arcmin,92,69,9,0,69.0
70,25.38266666666676,5.706000000000019,7.572449194314528e-06,9.482080148375514,113,7.5,gauss0.25arcmin,3,70,9,0,70.0
71,26.188666666666744,5.026666666666684,6.880622236567098e-06,9.330102781275942,122,7.5,gauss0.3arcmin,50,71,9,0,71.0
72,26.863333333333408,5.044666666666684,6.618441057415726e-06,9.322800239108862,182,7.5,gauss0.35arcmin,95,72,9,0,72.0
73,26.501333333333413,5.193333333333351,6.295223133215365e-06,9.306412085346036,211,7.5,gauss0.4arcmin,140,73,9,0,73.0
74,25.972000000000083,6.246000000000021,6.82237967680651e-06,9.296390116458282,136,7.5,gauss0.3arcmin,51,74,9,0,74.0
75,25.019333333333407,5.330000000000019,5.360966834210342e-06,9.121918713524831,415,7.5,gauss0.65arcmin,296,75,9,0,75.0
76,24.977333333333416,5.01133333333335,5.324945868813213e-06,9.08815585417124,416,7.5,gauss0.55arcmin,250,76,9,0,76.0
77,26.847333333333427,5.118666666666684,7.731035106954042e-06,9.072068670812005,97,7.5,gauss0.25arcmin,7,77,9,0,77.0
78,26.280000000000097,6.4820000000000215,7.302800719986347e-06,9.068676638395027,85,7.5,gauss0.25arcmin,8,78,9,0,78.0
79,26.62666666666675,6.324000000000021,5.823215529650521e-06,8.946221804471591,172,7.5,gauss0.4arcmin,146,79,9,0,79.0
80,25.533333333333417,6.302000000000021,5.848077438520442e-06,8.851767305008815,141,7.5,gauss0.35arcmin,104,80,9,0,80.0
81,26.83800000000009,5.73200000000002,6.162746694348925e-06,8.830673620106062,134,7.5,gauss0.35arcmin,105,81,9,0,81.0
82,25.871333333333425,5.556000000000019,6.478244783412594e-06,8.74209810632168,100,7.5,gauss0.3arcmin,57,82,9,0,82.0
83,25.53866666666676,5.407333333333352,6.335975944827309e-06,8.741062529458983,94,7.5,gauss0.3arcmin,58,83,9,0,83.0
84,25.44600000000008,5.128666666666684,7.061095240997194e-06,8.735741550682073,61,7.5,gauss0.25arcmin,14,84,9,0,84.0
85,25.149333333333423,6.319333333333355,5.750148570911197e-06,8.709990043764828,110,7.5,gauss0.35arcmin,107,85,9,0,85.0
86,26.900666666666748,5.09533333333335,6.56228972320104e-06,8.583436812672906,80,7.5,gauss0.3arcmin,62,86,9,0,86.0
87,25.783333333333427,5.657333333333352,5.605853970089492e-06,8.57577454259324,142,7.5,gauss0.4arcmin,151,87,9,0,87.0
88,25.25000000000008,5.251333333333351,5.30307488821972e-06,8.505178917824495,157,7.5,gauss0.45arcmin,195,88,9,0,88.0
89,26.814000000000103,5.214666666666684,6.483442476283178e-06,8.476730155940178,73,7.5,gauss0.3arcmin,65,89,9,0,89.0
90,26.078000000000088,6.4980000000000215,5.5422254867819e-06,8.246860555715147,81,7.5,gauss0.35arcmin,115,90,9,0,90.0
91,25.83800000000008,6.057333333333354,4.988276524332222e-06,8.22861350590671,155,7.5,gauss0.55arcmin,261,91,9,0,91.0
115,25.91066666666676,6.452000000000022,4.7643520054533735e-06,8.225947978203784,739,7.5,gauss0.75arcmin,21,92,10,0,115.0
92,25.87200000000009,6.018666666666687,5.620858881212423e-06,8.219135799282377,74,7.5,gauss0.35arcmin,116,93,9,0,92.0
93,26.067333333333423,5.811333333333353,6.7300627555021184e-06,8.193302224293593,33,7.5,gauss0.25arcmin,22,94,9,0,93.0
94,25.86600000000008,6.078000000000021,6.723006711113453e-06,8.186061004856704,37,7.5,gauss0.25arcmin,23,95,9,0,94.0
95,27.01666666666675,5.943333333333354,5.140961281353307e-06,8.16402201501548,98,7.5,gauss0.45arcmin,199,96,9,0,95.0
96,26.783333333333413,6.386000000000021,5.485413457034029e-06,8.141913604409977,64,7.5,gauss0.35arcmin,117,97,9,0,96.0
121,25.918666666666763,6.4306666666666885,6.481813248510498e-06,8.113592262476196,41,7.5,gauss0.25arcmin,0,98,11,0,121.0
116,26.082666666666743,5.048000000000017,4.607018759959745e-06,8.078090201610125,239,7.5,gauss0.75arcmin,22,99,10,0,116.0
97,26.519333333333417,5.728000000000019,6.026039168852927e-06,8.026899960151889,44,7.5,gauss0.3arcmin,74,100,9,0,97.0
117,25.93066666666676,6.401333333333355,4.792439084998664e-06,7.988974806267563,95,7.5,gauss0.5arcmin,7,101,10,0,117.0
98,26.623333333333424,6.561333333333356,5.313155650334839e-06,7.954811202044458,46,7.5,gauss0.35arcmin,122,102,9,0,98.0
99,26.48800000000009,6.416000000000023,6.425083057816062e-06,7.951074537623359,22,7.5,gauss0.25arcmin,25,103,9,0,99.0
100,25.670666666666747,7.038666666666691,4.7931589444902816e-06,7.914430210582295,68,7.5,gauss0.45arcmin,207,104,9,0,100.0
101,26.983333333333427,5.826666666666687,6.543105143185845e-06,7.906516140646403,26,7.5,gauss0.25arcmin,26,105,9,0,101.0
102,26.600666666666765,6.204666666666688,5.900162709305262e-06,7.899096325173195,35,7.5,gauss0.3arcmin,76,106,9,0,102.0
118,26.652000000000093,6.381333333333355,5.629464960326681e-06,7.862262979048427,30,7.5,gauss0.3arcmin,1,107,10,0,118.0
103,26.701333333333423,5.238666666666685,6.688424213102804e-06,7.848070405594803,24,7.5,gauss0.25arcmin,32,108,9,0,103.0
104,26.280000000000097,5.431333333333352,5.181535044237419e-06,7.843323967477701,47,7.5,gauss0.4arcmin,169,109,9,0,104.0
105,26.13000000000008,6.79666666666669,6.305090686802648e-06,7.831692466949941,20,7.5,gauss0.25arcmin,34,110,9,0,105.0
106,26.192000000000096,5.173333333333351,5.379657706446365e-06,7.798913225644354,29,7.5,gauss0.35arcmin,126,111,9,0,106.0
123,25.87866666666674,6.4306666666666885,4.503212053980696e-06,7.778956339926495,167,7.5,gauss0.75arcmin,0,112,12,0,123.0
107,25.60466666666674,6.320666666666688,5.157116423581151e-06,7.77242821372452,26,7.5,gauss0.35arcmin,127,113,9,0,107.0
122,25.936666666666746,6.438000000000022,4.471797543726779e-06,7.719337526177331,163,7.5,gauss0.75arcmin,3,114,11,0,122.0
108,26.644666666666755,6.402666666666688,4.94074223583111e-06,7.713628726129356,31,7.5,gauss0.4arcmin,173,115,9,0,108.0
109,26.160666666666742,6.199333333333354,6.331324882446667e-06,7.711564210303845,11,7.5,gauss0.25arcmin,35,116,9,0,109.0
110,25.491333333333426,5.3706666666666845,5.581807256387347e-06,7.704928604044323,19,7.5,gauss0.3arcmin,83,117,9,0,110.0
111,26.272666666666755,5.134000000000017,5.707462614272042e-06,7.65418044829503,15,7.5,gauss0.3arcmin,84,118,9,0,111.0
119,26.430666666666752,5.79400000000002,4.458332142826386e-06,7.624065796778095,47,7.5,gauss0.75arcmin,24,119,10,0,119.0
112,26.102000000000075,6.56466666666669,6.126033565894237e-06,7.609239145325633,7,7.5,gauss0.25arcmin,38,120,9,0,112.0
113,26.809333333333424,5.117333333333351,4.954977372932535e-06,7.598901933469131,15,7.5,gauss0.45arcmin,214,121,9,0,113.0
114,26.717333333333407,6.155333333333354,5.627642202524321e-06,7.527418750776932,3,7.5,gauss0.3arcmin,87,122,9,0,114.0
120,25.468000000000075,6.464666666666688,4.922484329241298e-06,7.511293402047492,1,7.5,gauss0.35arcmin,3,123,10,0,120.0
124,25.37000000000008,5.356666666666685,6.002963856025595e-06,7.469102878982541,185,5.0,gauss0.25arcmin,0,124,13,0,124.0
125,26.09000000000008,6.135333333333354,4.626474715400611e-06,7.456958375121618,483,5.0,gauss0.45arcmin,512,125,13,0,125.0
126,26.408000000000094,6.986000000000024,4.850624083690746e-06,7.449651169752216,333,5.0,gauss0.35arcmin,276,126,13,0,126.0
127,26.41466666666677,6.580666666666689,4.866978644032287e-06,7.4039121066106,300,5.0,gauss0.35arcmin,277,127,13,0,127.0
128,26.91266666666677,5.462666666666685,5.535854622244446e-06,7.355959795055564,229,5.0,gauss0.3arcmin,139,128,13,0,128.0
129,25.90400000000008,6.99866666666669,4.411954839093771e-06,7.308922353498649,459,5.0,gauss0.45arcmin,513,129,13,0,129.0
130,24.98400000000009,4.996666666666684,5.655926072247666e-06,7.266369970653966,175,5.0,gauss0.25arcmin,1,130,13,0,130.0
131,26.104666666666763,6.457333333333355,5.768507031675396e-06,7.2241915847420834,148,5.0,gauss0.25arcmin,2,131,13,0,131.0
132,25.02933333333341,5.89800000000002,5.059547318445438e-06,7.205660646738965,216,5.0,gauss0.3arcmin,143,132,13,0,132.0
133,25.157333333333405,5.7213333333333525,5.087219485547131e-06,7.178929785539895,233,5.0,gauss0.3arcmin,144,133,13,0,133.0
134,26.54733333333342,5.950666666666687,5.914656776580457e-06,7.159999775017925,152,5.0,gauss0.25arcmin,4,134,13,0,134.0
135,25.40266666666676,4.99533333333335,5.049178610141959e-06,7.131618262208891,222,5.0,gauss0.3arcmin,145,135,13,0,135.0
136,26.639333333333408,5.5420000000000185,4.137493716976214e-06,7.068358183573992,773,5.0,gauss0.7arcmin,871,136,13,0,136.0
137,25.664000000000076,5.131333333333351,4.522920121376233e-06,7.0482525618075975,358,5.0,gauss0.4arcmin,405,137,13,0,137.0
138,26.801333333333417,5.043333333333351,4.05801171353551e-06,7.001224712409634,1061,5.0,gauss0.75arcmin,922,138,13,0,138.0
139,26.69066666666676,5.85200000000002,5.705311558679099e-06,6.906173511364137,130,5.0,gauss0.25arcmin,8,139,13,0,139.0
140,26.390666666666757,5.204666666666684,4.775272920076325e-06,6.866175671624019,250,5.0,gauss0.35arcmin,287,140,13,0,140.0
141,25.181333333333416,6.13800000000002,4.122724298891008e-06,6.859910052058079,359,5.0,gauss0.45arcmin,517,141,13,0,141.0
142,25.931333333333423,6.180000000000021,4.942017499936092e-06,6.797657475465601,173,5.0,gauss0.3arcmin,151,142,13,0,142.0
143,26.89733333333342,6.813333333333357,5.3180332056017e-06,6.682030728855433,121,5.0,gauss0.25arcmin,11,143,13,0,143.0
144,25.431333333333427,6.229333333333354,5.276952585857999e-06,6.680266675203646,141,5.0,gauss0.25arcmin,12,144,13,0,144.0
145,26.918000000000088,5.834000000000021,4.562591570351026e-06,6.672368270266518,237,5.0,gauss0.35arcmin,289,145,13,0,145.0
146,25.53533333333341,5.2246666666666846,4.796144389719034e-06,6.666079758125884,172,5.0,gauss0.3arcmin,153,146,13,0,146.0
147,26.261333333333425,4.986000000000017,4.800514884160918e-06,6.628944762890703,155,5.0,gauss0.3arcmin,154,147,13,0,147.0
148,26.004666666666743,5.5900000000000185,5.421192528521954e-06,6.620094416698366,124,5.0,gauss0.25arcmin,13,148,13,0,148.0
149,25.70266666666674,5.738000000000019,4.768566210506431e-06,6.604439610737872,161,5.0,gauss0.3arcmin,156,149,13,0,149.0
150,25.504000000000083,5.902666666666686,3.620792425745543e-06,6.573745525212356,817,5.0,gauss0.75arcmin,923,150,13,0,150.0
151,26.883333333333407,6.005333333333354,4.80433673219235e-06,6.513953792760222,152,5.0,gauss0.3arcmin,159,151,13,0,151.0
152,26.812000000000083,5.6060000000000185,4.295672259419786e-06,6.501476451648431,278,5.0,gauss0.4arcmin,414,152,13,0,152.0
153,27.044666666666757,6.93466666666669,5.081876367096274e-06,6.494399413522983,86,5.0,gauss0.25arcmin,18,153,13,0,153.0
154,26.575333333333425,6.978666666666691,4.022909172479867e-06,6.490848186690295,258,5.0,gauss0.4arcmin,416,154,13,0,154.0
155,25.21466666666674,6.11400000000002,3.884705859041044e-06,6.463876601455114,303,5.0,gauss0.45arcmin,527,155,13,0,155.0
156,26.814000000000103,6.485333333333355,5.145206144324731e-06,6.461078878656976,88,5.0,gauss0.25arcmin,21,156,13,0,156.0
157,26.248666666666743,6.655333333333356,3.727479103288065e-06,6.459292592100274,742,5.0,gauss0.75arcmin,926,157,13,0,157.0
158,25.10600000000008,5.879333333333353,4.222916645800221e-06,6.444321109719289,180,5.0,gauss0.35arcmin,297,158,13,0,158.0
159,26.16933333333341,6.530000000000023,3.7239472809068695e-06,6.4423424098678295,663,5.0,gauss0.75arcmin,927,159,13,0,159.0
160,25.170666666666754,5.965333333333353,4.009599114318508e-06,6.438512841563325,290,5.0,gauss0.4arcmin,418,160,13,0,160.0
161,26.309333333333427,6.157333333333355,4.705273849014481e-06,6.437972208245227,167,5.0,gauss0.3arcmin,162,161,13,0,161.0
162,26.43666666666676,6.944000000000023,3.647672047283172e-06,6.424569882709532,976,5.0,gauss0.75arcmin,928,162,13,0,162.0
163,25.409333333333407,6.469333333333355,3.565507144031595e-06,6.410131823469814,502,5.0,gauss0.65arcmin,822,163,13,0,163.0
164,26.204666666666757,6.130666666666688,5.201005700451953e-06,6.3895240179757815,107,5.0,gauss0.25arcmin,23,164,13,0,164.0
165,26.129333333333413,6.317333333333354,4.079420578099471e-06,6.385803144394076,238,5.0,gauss0.4arcmin,421,165,13,0,165.0
166,26.938000000000084,6.109333333333354,4.668496485058271e-06,6.337734266465791,135,5.0,gauss0.3arcmin,164,166,13,0,166.0
167,26.34266666666675,6.372000000000021,5.090742389578037e-06,6.3356397006095975,92,5.0,gauss0.25arcmin,25,167,13,0,167.0
168,26.66866666666674,5.620666666666685,3.679391708599862e-06,6.32397715545388,641,5.0,gauss0.75arcmin,931,168,13,0,168.0
169,25.170666666666754,6.196000000000022,4.461497954747578e-06,6.320066584962259,141,5.0,gauss0.3arcmin,167,169,13,0,169.0
170,26.27400000000009,6.505333333333355,4.475009977957436e-06,6.278419631348044,135,5.0,gauss0.3arcmin,169,170,13,0,170.0
171,25.186666666666763,5.304000000000019,4.511402292939208e-06,6.273322281827201,145,5.0,gauss0.3arcmin,170,171,13,0,171.0
172,25.192666666666742,7.016000000000024,4.862982909168464e-06,6.271215868683131,108,5.0,gauss0.25arcmin,28,172,13,0,172.0
173,26.240000000000094,5.022000000000017,4.524689896290986e-06,6.204358636389774,148,5.0,gauss0.3arcmin,173,173,13,0,173.0
174,24.99800000000008,5.5146666666666855,4.896721295003328e-06,6.194719022395876,82,5.0,gauss0.25arcmin,31,174,13,0,174.0
175,26.203333333333426,5.376666666666685,5.0785646447677295e-06,6.191713064616492,89,5.0,gauss0.25arcmin,32,175,13,0,175.0
176,25.69733333333342,5.005333333333351,3.7854945245646064e-06,6.176510791880196,253,5.0,gauss0.45arcmin,533,176,13,0,176.0
177,25.55800000000007,6.734000000000023,4.866524323592094e-06,6.17205840836022,99,5.0,gauss0.25arcmin,33,177,13,0,177.0
178,25.498666666666765,5.190000000000017,4.121184409910891e-06,6.160639404213846,149,5.0,gauss0.35arcmin,311,178,13,0,178.0
179,26.877333333333425,6.543333333333355,4.04066361052149e-06,6.154973182484782,170,5.0,gauss0.35arcmin,313,179,13,0,179.0
180,25.320666666666742,5.968666666666687,4.33358909399171e-06,6.1388144934492255,132,5.0,gauss0.3arcmin,176,180,13,0,180.0
181,25.90400000000008,6.416666666666688,4.387530337168437e-06,6.135683525092326,129,5.0,gauss0.3arcmin,178,181,13,0,181.0
182,26.94600000000009,6.945333333333357,4.864348489058395e-06,6.133410139987655,88,5.0,gauss0.25arcmin,35,182,13,0,182.0
183,27.03933333333341,5.432666666666685,3.983806614974095e-06,6.10514066681753,205,5.0,gauss0.4arcmin,429,183,13,0,183.0
184,25.13800000000007,5.305333333333351,4.899613862344987e-06,6.096399296356955,73,5.0,gauss0.25arcmin,37,184,13,0,184.0
185,25.96000000000009,6.437333333333355,4.050352663051492e-06,6.092833949670204,181,5.0,gauss0.35arcmin,316,185,13,0,185.0
186,25.18800000000009,5.2600000000000176,4.89467853676552e-06,6.090139288205196,82,5.0,gauss0.25arcmin,39,186,13,0,186.0
187,26.152000000000072,6.776000000000023,4.857809210610002e-06,6.087437984154014,90,5.0,gauss0.25arcmin,40,187,13,0,187.0
188,26.436000000000096,6.891333333333357,4.302881266406996e-06,6.071679312233536,111,5.0,gauss0.3arcmin,182,188,13,0,188.0
189,25.328000000000085,6.09800000000002,4.783173695306885e-06,6.05424908135985,73,5.0,gauss0.25arcmin,41,189,13,0,189.0
190,26.102666666666767,5.402000000000018,4.433820223912362e-06,6.051302866439655,136,5.0,gauss0.3arcmin,184,190,13,0,190.0
191,26.810000000000088,5.468666666666685,3.516774555733506e-06,6.050156678723588,594,5.0,gauss0.75arcmin,933,191,13,0,191.0
192,25.52000000000009,5.81400000000002,4.772277776191188e-06,6.036449723618452,75,5.0,gauss0.25arcmin,44,192,13,0,192.0
193,26.001333333333417,6.80666666666669,3.985386813415088e-06,6.001084012422632,154,5.0,gauss0.35arcmin,324,193,13,0,193.0
194,26.419333333333423,6.030000000000021,3.599542753395057e-06,5.995740804526687,284,5.0,gauss0.55arcmin,714,194,13,0,194.0
195,26.00600000000007,5.694666666666686,4.883262123254757e-06,5.986785814256579,75,5.0,gauss0.25arcmin,49,195,13,0,195.0
196,27.00133333333343,6.469333333333355,4.686663053743704e-06,5.978332228482357,69,5.0,gauss0.25arcmin,51,196,13,0,196.0
197,26.207333333333416,5.098666666666684,4.90150079672554e-06,5.976349507426471,90,5.0,gauss0.25arcmin,52,197,13,0,197.0
198,25.55800000000007,5.93400000000002,4.724496560649363e-06,5.970507321816084,63,5.0,gauss0.25arcmin,53,198,13,0,198.0
199,24.91600000000009,6.312666666666689,3.8315243313719634e-06,5.940545039040997,140,5.0,gauss0.35arcmin,328,199,13,0,199.0
200,25.68866666666675,5.451333333333352,4.004673721559787e-06,5.924880467428295,126,5.0,gauss0.35arcmin,329,200,13,0,200.0
201,26.41866666666676,6.939333333333357,4.184086528579938e-06,5.909592175801803,110,5.0,gauss0.3arcmin,196,201,13,0,201.0
202,25.51466666666675,7.066000000000024,4.100299219345198e-06,5.903280654462858,102,5.0,gauss0.3arcmin,197,202,13,0,202.0
203,25.24133333333341,6.761333333333356,3.873241443368709e-06,5.903247631376079,133,5.0,gauss0.35arcmin,331,203,13,0,203.0
204,26.66733333333341,6.149333333333354,4.334499803137985e-06,5.877163412608236,100,5.0,gauss0.3arcmin,199,204,13,0,204.0
205,26.42200000000008,5.278000000000019,4.913912447134821e-06,5.857109826357461,73,5.0,gauss0.25arcmin,55,205,13,0,205.0
206,25.39400000000009,7.014666666666691,4.527193941583791e-06,5.838183658220241,77,5.0,gauss0.25arcmin,59,206,13,0,206.0
207,26.322000000000088,5.080000000000017,3.357034201119684e-06,5.825972104293908,404,5.0,gauss0.75arcmin,937,207,13,0,207.0
208,26.792000000000083,6.2160000000000215,4.285284506229646e-06,5.81887776715088,84,5.0,gauss0.3arcmin,203,208,13,0,208.0
209,26.985333333333426,6.393333333333355,4.112695727536634e-06,5.818829125486216,83,5.0,gauss0.3arcmin,204,209,13,0,209.0
210,26.037333333333425,5.899333333333353,4.731271049663643e-06,5.814762863840368,64,5.0,gauss0.25arcmin,61,210,13,0,210.0
211,26.78866666666676,4.988000000000017,4.811945326364385e-06,5.812295953793647,64,5.0,gauss0.25arcmin,62,211,13,0,211.0
212,26.16400000000009,6.369333333333355,3.866808226095237e-06,5.793911466305239,114,5.0,gauss0.35arcmin,335,212,13,0,212.0
213,26.417333333333428,5.324666666666685,4.038750109408699e-06,5.7926747204159215,118,5.0,gauss0.35arcmin,336,213,13,0,213.0
214,26.250000000000096,5.432666666666685,4.7549299930749606e-06,5.784957098947919,58,5.0,gauss0.25arcmin,69,214,13,0,214.0
215,26.641333333333428,5.468000000000019,4.860803554245651e-06,5.780451414948921,69,5.0,gauss0.25arcmin,70,215,13,0,215.0
216,24.98266666666676,6.8486666666666896,4.460608668291209e-06,5.754864500512226,53,5.0,gauss0.25arcmin,71,216,13,0,216.0
217,26.079333333333416,6.550000000000022,4.581891681289928e-06,5.741565979541847,65,5.0,gauss0.25arcmin,73,217,13,0,217.0
218,25.57266666666675,7.006000000000023,3.7040900927096026e-06,5.730758996749298,114,5.0,gauss0.35arcmin,339,218,13,0,218.0
219,24.97000000000008,5.580666666666685,4.038310676181789e-06,5.718840351596756,81,5.0,gauss0.3arcmin,214,219,13,0,219.0
220,25.81733333333341,6.206666666666687,3.534198346737216e-06,5.700422599273176,161,5.0,gauss0.45arcmin,557,220,13,0,220.0
221,25.55400000000008,5.377333333333351,4.550043797103396e-06,5.656064297614851,59,5.0,gauss0.25arcmin,79,221,13,0,221.0
322,25.912000000000088,6.393333333333355,3.016882369196122e-06,5.649052121456914,430,5.0,gauss0.75arcmin,17,222,15,0,322.0
287,25.90400000000008,6.437333333333355,4.3921403773833486e-06,5.648654274704935,44,5.0,gauss0.25arcmin,0,223,14,0,287.0
222,26.079333333333416,6.178000000000021,4.592344351225672e-06,5.645114521155705,49,5.0,gauss0.25arcmin,80,224,13,0,222.0
288,25.66333333333341,5.110666666666684,3.962161303893807e-06,5.615198207198657,75,5.0,gauss0.3arcmin,23,225,14,0,288.0
223,25.53800000000007,5.513333333333352,3.2235953170370583e-06,5.600153532084744,475,5.0,gauss0.75arcmin,941,226,13,0,223.0
224,26.32600000000008,5.248666666666685,4.632062194315681e-06,5.584795416702847,50,5.0,gauss0.25arcmin,84,227,13,0,224.0
225,25.451333333333427,6.95866666666669,3.0094238326266405e-06,5.527699249211193,412,5.0,gauss0.75arcmin,942,228,13,0,225.0
226,26.468666666666756,5.775333333333353,3.220860075165409e-06,5.522224952666515,314,5.0,gauss0.75arcmin,943,229,13,0,226.0
227,25.89733333333341,5.446000000000018,3.192687316827469e-06,5.498716659674831,217,5.0,gauss0.65arcmin,848,230,13,0,227.0
228,26.079333333333416,5.178000000000018,3.3345279446136806e-06,5.496179834988387,137,5.0,gauss0.5arcmin,652,231,13,0,228.0
229,25.65666666666676,5.496000000000018,3.984975197454527e-06,5.495827465678823,63,5.0,gauss0.3arcmin,227,232,13,0,229.0
230,25.06000000000007,5.972666666666687,4.330151574084392e-06,5.4885218922509,38,5.0,gauss0.25arcmin,86,233,13,0,230.0
231,25.97333333333341,6.914000000000024,4.374600991327221e-06,5.483950476294987,54,5.0,gauss0.25arcmin,87,234,13,0,231.0
232,26.98466666666676,5.783333333333353,4.479747228474529e-06,5.47117460141047,35,5.0,gauss0.25arcmin,88,235,13,0,232.0
233,26.582000000000097,5.83800000000002,4.519429352015397e-06,5.47046392944065,36,5.0,gauss0.25arcmin,89,236,13,0,233.0
234,26.21733333333341,5.709333333333353,3.986275207515563e-06,5.467028567947355,54,5.0,gauss0.3arcmin,230,237,13,0,234.0
235,25.673333333333407,5.70800000000002,3.464918464193368e-06,5.449865010891058,87,5.0,gauss0.4arcmin,473,238,13,0,235.0
236,25.966666666666764,7.05866666666669,3.825824412790133e-06,5.447141694291572,51,5.0,gauss0.3arcmin,233,239,13,0,236.0
237,26.05800000000009,6.67866666666669,4.344119842109505e-06,5.4436739612999725,33,5.0,gauss0.25arcmin,92,240,13,0,237.0
238,25.184666666666743,6.692000000000022,4.281059944862468e-06,5.433218439029555,36,5.0,gauss0.25arcmin,93,241,13,0,238.0
239,26.462666666666745,6.420000000000022,4.3401753847939e-06,5.432649836300808,32,5.0,gauss0.25arcmin,94,242,13,0,239.0
240,24.93466666666676,5.81000000000002,4.216730220636148e-06,5.424151645404233,36,5.0,gauss0.25arcmin,95,243,13,0,240.0
241,26.33933333333343,5.166666666666684,3.130328366151782e-06,5.386677802049192,167,5.0,gauss0.7arcmin,905,244,13,0,241.0
242,25.743333333333428,6.652000000000022,4.28526647531367e-06,5.378431950522676,30,5.0,gauss0.25arcmin,96,245,13,0,242.0
243,26.508666666666752,5.975333333333354,4.439272827754178e-06,5.3742701697545385,31,5.0,gauss0.25arcmin,97,246,13,0,243.0
244,25.324666666666733,6.705333333333356,3.226255158796686e-06,5.355636591376369,89,5.0,gauss0.45arcmin,579,247,13,0,244.0
245,26.34266666666675,5.465333333333353,4.449324983178882e-06,5.350989916185807,33,5.0,gauss0.25arcmin,100,248,13,0,245.0
246,25.10066666666676,5.706666666666686,3.525474990674383e-06,5.350248163147186,56,5.0,gauss0.35arcmin,369,249,13,0,246.0
247,25.94133333333342,5.92400000000002,4.35164729817823e-06,5.348213548124619,26,5.0,gauss0.25arcmin,101,250,13,0,247.0
289,25.425333333333416,6.993333333333357,3.633232957553076e-06,5.341015848641243,39,5.0,gauss0.3arcmin,25,251,14,0,289.0
248,26.91000000000008,6.529333333333355,4.24966518136437e-06,5.340175514773957,28,5.0,gauss0.25arcmin,102,252,13,0,248.0
290,26.094000000000097,6.1953333333333545,3.762446219882654e-06,5.325861825090818,38,5.0,gauss0.3arcmin,26,253,14,0,290.0
249,26.12466666666676,6.502000000000022,3.369559043546519e-06,5.319087395563518,68,5.0,gauss0.4arcmin,480,254,13,0,249.0
250,25.34800000000008,5.461333333333352,4.257929978632729e-06,5.297964137524591,27,5.0,gauss0.25arcmin,105,255,13,0,250.0
251,26.0640000000001,6.82266666666669,3.0533268955380945e-06,5.281522506930266,177,5.0,gauss0.75arcmin,955,256,13,0,251.0
291,25.265333333333427,6.180000000000021,4.08888305759884e-06,5.280831041136263,25,5.0,gauss0.25arcmin,3,257,14,0,291.0
252,25.094666666666747,6.596000000000022,4.159725181958768e-06,5.280529282059118,24,5.0,gauss0.25arcmin,107,258,13,0,252.0
253,25.57866666666676,5.128666666666684,4.250441504525232e-06,5.278723714332268,23,5.0,gauss0.25arcmin,108,259,13,0,253.0
292,26.311333333333423,5.188000000000018,4.259666643439343e-06,5.278080452180195,27,5.0,gauss0.25arcmin,4,260,14,0,292.0
323,25.293333333333404,6.078666666666687,2.811814484553331e-06,5.261081427138797,121,5.0,gauss0.6arcmin,11,261,15,0,323.0
254,26.481333333333414,5.021333333333351,3.32970603454858e-06,5.257203634010525,62,5.0,gauss0.45arcmin,584,262,13,0,254.0
293,25.653333333333407,5.439333333333352,3.4253515933580327e-06,5.253042043658183,42,5.0,gauss0.35arcmin,45,263,14,0,293.0
255,26.918666666666752,6.9333333333333576,4.160752360924611e-06,5.234968879433542,22,5.0,gauss0.25arcmin,111,264,13,0,255.0
256,26.08666666666676,5.013333333333351,3.7847981613766783e-06,5.216199124488736,29,5.0,gauss0.3arcmin,245,265,13,0,256.0
294,26.434666666666764,5.774666666666686,4.194243843774659e-06,5.214336948470591,19,5.0,gauss0.25arcmin,6,266,14,0,294.0
295,25.38200000000007,4.982666666666684,4.034407336597951e-06,5.212258933383655,15,5.0,gauss0.25arcmin,7,267,14,0,295.0
296,25.95266666666675,6.407333333333355,2.815720807457879e-06,5.209683087415569,190,5.0,gauss0.75arcmin,76,268,14,0,296.0
297,26.66466666666675,5.286666666666685,2.8359297476440125e-06,5.209657438834482,137,5.0,gauss0.75arcmin,77,269,14,0,297.0
257,26.005333333333432,6.946000000000025,3.4533449376917374e-06,5.20940534573267,36,5.0,gauss0.35arcmin,378,270,13,0,257.0
258,26.4060000000001,6.182666666666687,3.82574658443766e-06,5.199196243485623,25,5.0,gauss0.3arcmin,249,271,13,0,258.0
259,25.63933333333342,6.526000000000023,4.113635949050483e-06,5.197823841911744,17,5.0,gauss0.25arcmin,113,272,13,0,259.0
260,27.013333333333424,6.726000000000024,3.084216400352364e-06,5.193394301892826,50,5.0,gauss0.45arcmin,591,273,13,0,260.0
261,26.96866666666675,5.166000000000017,4.340030982271944e-06,5.187300746355924,17,5.0,gauss0.25arcmin,115,274,13,0,261.0
262,26.223333333333425,6.0400000000000205,3.7705557892187886e-06,5.181494223690022,26,5.0,gauss0.3arcmin,252,275,13,0,262.0
263,26.57400000000009,5.93200000000002,4.278696644283659e-06,5.179541317269528,12,5.0,gauss0.25arcmin,116,276,13,0,263.0
298,26.472666666666743,6.354666666666688,2.7717379629586557e-06,5.178621092008842,105,5.0,gauss0.75arcmin,78,277,14,0,298.0
264,25.850000000000072,6.320000000000022,3.731106952350828e-06,5.17193627488191,20,5.0,gauss0.3arcmin,253,278,13,0,264.0
299,26.799333333333426,6.027333333333353,3.405767623952895e-06,5.161354096391755,26,5.0,gauss0.35arcmin,49,279,14,0,299.0
300,25.315333333333424,6.091333333333354,3.99492505728973e-06,5.159369656053628,10,5.0,gauss0.25arcmin,8,280,14,0,300.0
265,25.11600000000008,5.382000000000018,4.146204662622266e-06,5.159247954523957,18,5.0,gauss0.25arcmin,117,281,13,0,265.0
266,25.436666666666746,5.110000000000017,3.2869388751942915e-06,5.154799420946418,30,5.0,gauss0.4arcmin,496,282,13,0,266.0
267,25.72133333333341,6.9766666666666906,2.927176230033291e-06,5.14558834180097,64,5.0,gauss0.7arcmin,912,283,13,0,267.0
301,26.982666666666763,6.691333333333356,3.479633419102188e-06,5.1256855317771945,15,5.0,gauss0.3arcmin,31,284,14,0,301.0
268,25.896666666666743,5.2440000000000175,4.200484388317492e-06,5.1247270050902,11,5.0,gauss0.25arcmin,119,285,13,0,268.0
324,26.11466666666676,6.182666666666687,3.594476146960297e-06,5.119774265335561,18,5.0,gauss0.3arcmin,2,286,15,0,324.0
269,26.34066666666676,6.088666666666687,3.75011770342608e-06,5.117130750282625,16,5.0,gauss0.3arcmin,262,287,13,0,269.0
302,26.72400000000008,6.569333333333356,3.956018466079898e-06,5.116552700797811,10,5.0,gauss0.25arcmin,10,288,14,0,302.0
270,26.223333333333425,5.080000000000017,4.196873789291046e-06,5.116089032994371,9,5.0,gauss0.25arcmin,121,289,13,0,270.0
303,25.94000000000009,6.472000000000022,3.969789954001393e-06,5.110015033792276,8,5.0,gauss0.25arcmin,11,290,14,0,303.0
271,25.476666666666745,6.181333333333354,3.606578869802475e-06,5.1086219776566,14,5.0,gauss0.3arcmin,264,291,13,0,271.0
304,25.760666666666744,6.848000000000023,3.5246921631907103e-06,5.101426902179595,12,5.0,gauss0.3arcmin,32,292,14,0,304.0
272,26.756666666666767,5.469333333333352,3.253271827800659e-06,5.098450368153494,24,5.0,gauss0.45arcmin,600,293,13,0,272.0
273,25.52800000000007,5.974000000000021,4.029231792150215e-06,5.096977088181389,9,5.0,gauss0.25arcmin,122,294,13,0,273.0
305,26.633333333333425,4.91933333333335,3.6606625331637873e-06,5.093963544349701,12,5.0,gauss0.3arcmin,33,295,14,0,305.0
306,26.744666666666745,6.242000000000021,4.081767371452772e-06,5.092023716601814,7,5.0,gauss0.25arcmin,13,296,14,0,306.0
274,27.003333333333423,5.262000000000018,4.2073068265069724e-06,5.084119021794304,7,5.0,gauss0.25arcmin,123,297,13,0,274.0
275,26.60666666666675,6.571333333333357,3.336991010265082e-06,5.082959683794994,13,5.0,gauss0.35arcmin,392,298,13,0,275.0
276,25.257333333333424,6.164000000000022,4.014637598102329e-06,5.081556521524112,6,5.0,gauss0.25arcmin,125,299,13,0,276.0
307,26.209333333333408,6.415333333333355,2.761202313843152e-06,5.077898593451488,33,5.0,gauss0.65arcmin,72,300,14,0,307.0
308,26.962666666666763,5.579333333333352,4.138262135587366e-06,5.077575017203151,7,5.0,gauss0.25arcmin,14,301,14,0,308.0
309,25.635333333333403,5.947333333333353,3.962421928512445e-06,5.076416230604642,7,5.0,gauss0.25arcmin,15,302,14,0,309.0
277,25.601333333333415,6.555333333333356,4.0081306733621045e-06,5.07604241751111,5,5.0,gauss0.25arcmin,127,303,13,0,277.0
310,26.583333333333428,5.666666666666686,3.659304345361536e-06,5.064958827638637,9,5.0,gauss0.3arcmin,35,304,14,0,310.0
311,25.616000000000096,5.65400000000002,3.5324478493812462e-06,5.055869789995123,7,5.0,gauss0.3arcmin,36,305,14,0,311.0
312,25.78000000000008,6.552666666666688,3.924926554745893e-06,5.055405921057186,4,5.0,gauss0.25arcmin,16,306,14,0,312.0
278,26.600666666666765,6.460000000000022,4.026485216766297e-06,5.052954789864351,5,5.0,gauss0.25arcmin,128,307,13,0,278.0
313,25.62866666666676,5.270000000000018,3.285156625670113e-06,5.04707743324606,7,5.0,gauss0.35arcmin,51,308,14,0,313.0
314,24.952666666666737,5.356666666666685,3.4766787811155007e-06,5.045748914438281,7,5.0,gauss0.3arcmin,37,309,14,0,314.0
315,25.472666666666758,6.952000000000024,3.468501059537948e-06,5.045724015305146,6,5.0,gauss0.3arcmin,38,310,14,0,315.0
316,25.88933333333343,6.456666666666688,2.7224192583474654e-06,5.0417991375255005,32,5.0,gauss0.75arcmin,79,311,14,0,316.0
317,25.680666666666745,6.755333333333356,3.479072455366563e-06,5.04035547013898,5,5.0,gauss0.3arcmin,39,312,14,0,317.0
318,26.76000000000009,5.158000000000017,3.069372340851128e-06,5.035756000050289,8,5.0,gauss0.45arcmin,67,313,14,0,318.0
279,25.854000000000088,6.0880000000000205,3.661383780314988e-06,5.035534949941794,5,5.0,gauss0.3arcmin,271,314,13,0,279.0
280,27.04866666666677,6.196000000000022,4.0897237524080935e-06,5.034511590632407,2,5.0,gauss0.25arcmin,130,315,13,0,280.0
281,26.472666666666743,6.113333333333354,4.1569598399833086e-06,5.033661582561673,4,5.0,gauss0.25arcmin,131,316,13,0,281.0
282,26.761333333333425,5.316000000000018,3.789353165879985e-06,5.033223361574292,5,5.0,gauss0.3arcmin,272,317,13,0,282.0
325,25.970000000000088,6.372666666666688,3.909541533213104e-06,5.032156665016083,2,5.0,gauss0.25arcmin,1,318,15,0,325.0
283,25.15400000000008,6.182000000000021,3.975287522749071e-06,5.031868158564171,2,5.0,gauss0.25arcmin,132,319,13,0,283.0
319,26.04333333333341,6.608000000000023,3.9051970673098565e-06,5.028927512928095,3,5.0,gauss0.25arcmin,19,320,14,0,319.0
326,25.00600000000008,6.495333333333355,2.522133066615578e-06,5.028461045930921,28,5.0,gauss0.75arcmin,18,321,15,0,326.0
284,26.88200000000008,5.418666666666685,3.784669474463546e-06,5.027364586550212,5,5.0,gauss0.3arcmin,273,322,13,0,284.0
285,26.048666666666755,6.500666666666689,3.3348140612470303e-06,5.020961620731163,4,5.0,gauss0.35arcmin,398,323,13,0,285.0
327,26.273333333333422,6.669333333333356,2.9993359662992284e-06,5.007918760187124,3,5.0,gauss0.4arcmin,7,324,15,0,327.0
320,25.70400000000007,5.676000000000019,2.9684387132475703e-06,5.004132467416392,2,5.0,gauss0.45arcmin,68,325,14,0,320.0
321,25.180666666666752,6.961333333333357,3.435230568475231e-06,5.0033755795717525,1,5.0,gauss0.3arcmin,43,326,14,0,321.0
328,26.006666666666764,5.636666666666685,3.258870303541565e-06,5.001631302333615,1,5.0,gauss0.35arcmin,0,327,16,0,328.0
286,25.95066666666676,5.404666666666685,4.099172237065372e-06,5.001096784103683,2,5.0,gauss0.25arcmin,137,328,13,0,286.0
329,26.79733333333343,5.817333333333353,2.875949222962248e-06,5.000712095910913,1,5.0,gauss0.5arcmin,1,329,16,0,329.0
330,25.24466666666674,5.751333333333353,3.85032025394244e-06,4.993441741102656,80,4.0,gauss0.25arcmin,0,330,17,0,330.0
331,26.295333333333414,6.024666666666687,3.948612682730451e-06,4.988308302105607,88,4.0,gauss0.25arcmin,1,331,17,0,331.0
332,25.97533333333341,6.157333333333355,3.933162904750058e-06,4.988120479830614,102,4.0,gauss0.25arcmin,2,332,17,0,332.0
333,25.70000000000008,6.053333333333354,3.903240722128736e-06,4.98639016646202,75,4.0,gauss0.25arcmin,3,333,17,0,333.0
334,25.346666666666756,5.214666666666684,3.0439623404519875e-06,4.977521239143549,221,4.0,gauss0.4arcmin,631,334,17,0,334.0
335,26.505333333333425,5.626666666666686,4.024381883883671e-06,4.96594084815943,79,4.0,gauss0.25arcmin,4,335,17,0,335.0
336,26.570666666666742,5.191333333333351,4.04229064481717e-06,4.96076700405278,60,4.0,gauss0.25arcmin,5,336,17,0,336.0
337,26.270000000000092,5.083333333333351,3.520182201245521e-06,4.957705747896791,112,4.0,gauss0.3arcmin,252,337,17,0,337.0
338,26.59533333333342,6.01200000000002,3.956239666826845e-06,4.951467751820251,86,4.0,gauss0.25arcmin,6,338,17,0,338.0
339,25.46733333333341,5.352666666666685,3.191449783738641e-06,4.947546892411832,159,4.0,gauss0.35arcmin,466,339,17,0,339.0
340,25.896666666666743,6.77466666666669,3.812462794354129e-06,4.946563606844297,91,4.0,gauss0.25arcmin,8,340,17,0,340.0
341,25.11066666666676,5.839333333333353,3.38225916859308e-06,4.945848994118251,114,4.0,gauss0.3arcmin,253,341,17,0,341.0
342,25.653333333333407,5.679333333333353,3.868366675442495e-06,4.945495366088581,66,4.0,gauss0.25arcmin,9,342,17,0,342.0
343,26.475333333333428,5.63400000000002,3.999530286003478e-06,4.9401157510877525,117,4.0,gauss0.25arcmin,10,343,17,0,343.0
344,25.078000000000078,5.81800000000002,3.796707218923431e-06,4.9344412401192255,97,4.0,gauss0.25arcmin,12,344,17,0,344.0
345,26.470666666666748,5.368000000000018,2.638998839688408e-06,4.922308145174076,556,4.0,gauss0.75arcmin,1285,345,17,0,345.0
346,26.002666666666748,6.463333333333355,3.111390534202697e-06,4.912513362206826,174,4.0,gauss0.35arcmin,467,346,17,0,346.0
634,25.952000000000087,6.454666666666689,2.395677750383637e-06,4.912506698329164,605,4.0,gauss0.75arcmin,305,347,18,0,634.0
347,26.66866666666674,5.497333333333352,2.717663190779357e-06,4.897371914597761,341,4.0,gauss0.6arcmin,1068,348,17,0,347.0
348,26.66600000000008,6.302666666666688,2.8576172920403887e-06,4.893171653936086,266,4.0,gauss0.45arcmin,766,349,17,0,348.0
349,25.338000000000083,5.692666666666686,2.9436965090228777e-06,4.892506453801804,190,4.0,gauss0.4arcmin,633,350,17,0,349.0
350,26.83866666666676,5.613333333333352,2.664150239107992e-06,4.883425817704001,393,4.0,gauss0.65arcmin,1148,351,17,0,350.0
351,26.150666666666744,5.541333333333352,2.606309510782703e-06,4.877902459578596,795,4.0,gauss0.75arcmin,1286,352,17,0,351.0
352,26.463333333333438,6.869333333333357,3.7425719950679487e-06,4.871555773069904,59,4.0,gauss0.25arcmin,13,353,17,0,352.0
353,25.69866666666675,4.955333333333351,2.950175096815561e-06,4.869857438353519,183,4.0,gauss0.4arcmin,635,354,17,0,353.0
354,26.95133333333341,6.404666666666689,2.773316884501928e-06,4.86861307863502,223,4.0,gauss0.45arcmin,767,355,17,0,354.0
635,26.07066666666675,5.056000000000017,3.70737445429049e-06,4.859951735209276,81,4.0,gauss0.25arcmin,0,356,18,0,635.0
355,26.60466666666676,5.790666666666686,3.1767431304109626e-06,4.854466028924656,150,4.0,gauss0.35arcmin,470,357,17,0,355.0
636,26.52666666666676,5.292666666666684,2.7199891675567577e-06,4.853858913942712,199,4.0,gauss0.45arcmin,174,358,18,0,636.0
356,25.986666666666764,6.325333333333354,2.943894685296592e-06,4.85262777338772,192,4.0,gauss0.4arcmin,636,359,17,0,356.0
357,26.36400000000008,5.034666666666683,3.902698565021558e-06,4.846223535116406,66,4.0,gauss0.25arcmin,14,360,17,0,357.0
358,26.89066666666675,5.520666666666686,3.0532780265957096e-06,4.842596738553302,182,4.0,gauss0.4arcmin,637,361,17,0,358.0
359,26.122000000000074,6.965333333333357,2.890725960901228e-06,4.841322582818118,174,4.0,gauss0.4arcmin,638,362,17,0,359.0
360,25.244000000000074,5.475333333333352,3.789077467035692e-06,4.839086872292948,65,4.0,gauss0.25arcmin,15,363,17,0,360.0
361,25.739333333333413,6.114666666666688,3.802910463654703e-06,4.838497018998336,79,4.0,gauss0.25arcmin,16,364,17,0,361.0
362,25.01800000000008,5.5113333333333525,3.7504490380877305e-06,4.830881207169645,82,4.0,gauss0.25arcmin,17,365,17,0,362.0
363,26.94800000000009,6.478000000000022,3.705456951222772e-06,4.830706257706797,80,4.0,gauss0.25arcmin,18,366,17,0,363.0
364,26.213333333333424,6.959333333333357,3.708769162305885e-06,4.828464455865047,83,4.0,gauss0.25arcmin,19,367,17,0,364.0
365,25.06333333333342,5.402666666666685,2.94854020077602e-06,4.827269198494598,179,4.0,gauss0.4arcmin,641,368,17,0,365.0
366,26.72000000000009,5.89000000000002,2.978312984718972e-06,4.824030177486023,167,4.0,gauss0.4arcmin,642,369,17,0,366.0
367,26.57400000000009,4.96133333333335,3.173607310200333e-06,4.82005896746026,139,4.0,gauss0.35arcmin,476,370,17,0,367.0
368,26.39266666666675,6.92666666666669,3.701432247196957e-06,4.818796741342794,59,4.0,gauss0.25arcmin,20,371,17,0,368.0
369,26.42666666666676,5.667333333333352,2.6616328658172955e-06,4.817869828981948,348,4.0,gauss0.6arcmin,1070,372,17,0,369.0
370,27.00400000000009,5.108666666666684,3.85124851911037e-06,4.803254357851677,64,4.0,gauss0.25arcmin,21,373,17,0,370.0
371,26.546000000000088,4.912000000000017,2.553467897973423e-06,4.803006988610747,444,4.0,gauss0.7arcmin,1221,374,17,0,371.0
372,26.490000000000084,5.2086666666666845,2.572086363975898e-06,4.797317729525514,458,4.0,gauss0.75arcmin,1288,375,17,0,372.0
373,26.31466666666675,5.499333333333352,3.843847685652135e-06,4.786477459284995,78,4.0,gauss0.25arcmin,22,376,17,0,373.0
374,26.27466666666675,6.523333333333356,2.751936949590431e-06,4.786009578590324,213,4.0,gauss0.45arcmin,773,377,17,0,374.0
375,26.19666666666675,5.344666666666685,3.808032267162968e-06,4.784177488520449,86,4.0,gauss0.25arcmin,23,378,17,0,375.0
376,26.17066666666674,4.950000000000017,3.0706791083864424e-06,4.777081810270143,135,4.0,gauss0.35arcmin,480,379,17,0,376.0
377,26.738666666666763,5.140666666666684,3.887585053703116e-06,4.77095985526997,69,4.0,gauss0.25arcmin,24,380,17,0,377.0
378,26.51800000000009,5.313333333333351,3.886480504070644e-06,4.769856551257662,70,4.0,gauss0.25arcmin,25,381,17,0,378.0
379,25.74466666666676,5.01533333333335,3.7509294987684097e-06,4.766737770717364,54,4.0,gauss0.25arcmin,26,382,17,0,379.0
637,26.85533333333343,5.110666666666684,3.7187907989017303e-06,4.762230030479257,63,4.0,gauss0.25arcmin,1,383,18,0,637.0
380,26.38866666666676,5.755333333333353,3.798390786930457e-06,4.758910395842611,58,4.0,gauss0.25arcmin,27,384,17,0,380.0
381,25.340666666666745,5.307333333333351,2.909791424821123e-06,4.758123082452061,189,4.0,gauss0.4arcmin,645,385,17,0,381.0
382,26.67933333333343,6.222000000000021,3.7939864035615256e-06,4.7571882965938,78,4.0,gauss0.25arcmin,28,386,17,0,382.0
383,26.34866666666676,5.1800000000000175,3.831542253720109e-06,4.747946111411777,63,4.0,gauss0.25arcmin,30,387,17,0,383.0
384,25.324666666666733,7.004000000000024,2.462289587442149e-06,4.744949360923025,298,4.0,gauss0.6arcmin,1073,388,17,0,384.0
385,26.440000000000087,5.754000000000019,2.546020547271144e-06,4.742948832511211,509,4.0,gauss0.75arcmin,1290,389,17,0,385.0
386,25.78733333333341,5.080666666666684,3.768067960485395e-06,4.74131807068213,68,4.0,gauss0.25arcmin,31,390,17,0,386.0
387,26.66466666666675,5.153333333333351,3.435842053592626e-06,4.740283962887719,102,4.0,gauss0.3arcmin,273,391,17,0,387.0
388,25.921333333333425,6.466666666666688,2.5177188498569184e-06,4.734817690016432,704,4.0,gauss0.75arcmin,1291,392,17,0,388.0
389,25.25333333333341,6.049333333333354,3.642012754305017e-06,4.731554186644118,52,4.0,gauss0.25arcmin,32,393,17,0,389.0
390,26.635333333333417,6.296666666666688,3.737241454980223e-06,4.730778637264932,52,4.0,gauss0.25arcmin,33,394,17,0,390.0
391,25.875333333333412,6.070666666666687,2.541947444350486e-06,4.725277190255936,488,4.0,gauss0.75arcmin,1292,395,17,0,391.0
392,25.13000000000009,5.096000000000017,3.698704297087577e-06,4.724675626657662,55,4.0,gauss0.25arcmin,34,396,17,0,392.0
393,26.32533333333341,5.264000000000018,3.3784673725679146e-06,4.723394487741278,97,4.0,gauss0.3arcmin,274,397,17,0,393.0
394,25.615333333333407,5.162666666666684,3.054402957029277e-06,4.722528426179544,132,4.0,gauss0.35arcmin,483,398,17,0,394.0
395,25.627333333333425,6.576666666666689,2.437618553999949e-06,4.715576023965842,373,4.0,gauss0.7arcmin,1228,399,17,0,395.0
396,26.05933333333342,6.316000000000021,3.684781554802724e-06,4.715298028767901,50,4.0,gauss0.25arcmin,36,400,17,0,396.0
397,26.920666666666747,5.326666666666685,3.415354648648664e-06,4.71465803418466,94,4.0,gauss0.3arcmin,277,401,17,0,397.0
398,25.85333333333342,6.42866666666669,3.638187690352816e-06,4.712268835812333,56,4.0,gauss0.25arcmin,38,402,17,0,398.0
399,25.63333333333341,5.99200000000002,3.650406116257648e-06,4.70657662406812,60,4.0,gauss0.25arcmin,39,403,17,0,399.0
400,26.047333333333423,5.75800000000002,3.7142262755413863e-06,4.706489307772869,69,4.0,gauss0.25arcmin,40,404,17,0,400.0
401,26.255333333333414,6.432666666666688,3.224417436339009e-06,4.705401024684703,96,4.0,gauss0.3arcmin,279,405,17,0,401.0
638,25.13400000000008,7.015333333333357,2.2648503979578016e-06,4.702382307449417,282,4.0,gauss0.6arcmin,246,406,18,0,638.0
639,25.315333333333424,6.743333333333356,3.4777817321136597e-06,4.698289944687172,55,4.0,gauss0.25arcmin,2,407,18,0,639.0
402,24.97000000000008,5.020666666666684,3.591483067673285e-06,4.696812558759225,73,4.0,gauss0.25arcmin,41,408,17,0,402.0
403,25.318000000000083,6.86266666666669,3.597767849494425e-06,4.693581616704375,68,4.0,gauss0.25arcmin,43,409,17,0,403.0
404,26.160666666666742,6.448000000000022,3.618324494318785e-06,4.69013711144885,74,4.0,gauss0.25arcmin,44,410,17,0,404.0
405,25.38466666666676,5.154000000000018,3.024969742005153e-06,4.689575498542722,128,4.0,gauss0.35arcmin,488,411,17,0,405.0
406,26.546000000000088,6.276000000000021,3.039368056170005e-06,4.687158949817941,119,4.0,gauss0.35arcmin,490,412,17,0,406.0
407,26.01133333333342,5.389333333333352,3.728751317096741e-06,4.686959795885375,60,4.0,gauss0.25arcmin,45,413,17,0,407.0
408,25.330666666666744,5.83800000000002,2.4146452896593787e-06,4.686357704955497,635,4.0,gauss0.75arcmin,1296,414,17,0,408.0
409,25.806000000000083,5.8093333333333526,3.691723062804684e-06,4.682885391561593,52,4.0,gauss0.25arcmin,46,415,17,0,409.0
410,26.242000000000093,5.698000000000019,3.707939055619759e-06,4.682025740792814,56,4.0,gauss0.25arcmin,47,416,17,0,410.0
411,26.020666666666752,5.147333333333351,2.624077188822689e-06,4.679259566999021,255,4.0,gauss0.55arcmin,992,417,17,0,411.0
412,25.478666666666765,5.730666666666686,3.6113379006279816e-06,4.677891055078025,64,4.0,gauss0.25arcmin,49,418,17,0,412.0
413,25.57600000000007,5.3640000000000185,3.66671156925522e-06,4.676000437444665,53,4.0,gauss0.25arcmin,50,419,17,0,413.0
414,26.909333333333414,5.970666666666687,3.3142170618364767e-06,4.673393538429778,90,4.0,gauss0.3arcmin,283,420,17,0,414.0
415,25.58200000000008,6.171333333333354,3.2015074472079447e-06,4.6693832029794375,106,4.0,gauss0.3arcmin,286,421,17,0,415.0
416,26.98466666666676,6.103333333333354,3.280165555178145e-06,4.668440948256741,101,4.0,gauss0.3arcmin,287,422,17,0,416.0
417,26.244666666666756,5.203333333333351,3.7198262632304e-06,4.6651260552699485,56,4.0,gauss0.25arcmin,51,423,17,0,417.0
418,25.38066666666674,5.010666666666683,2.975631636616171e-06,4.663153028134466,118,4.0,gauss0.35arcmin,491,424,17,0,418.0
419,26.12133333333341,5.15933333333335,3.042829752800944e-06,4.661211678634779,122,4.0,gauss0.35arcmin,492,425,17,0,419.0
420,26.11733333333342,6.349333333333354,3.619402265330031e-06,4.652604767284597,53,4.0,gauss0.25arcmin,53,426,17,0,420.0
421,26.61200000000009,6.473333333333355,3.163523143438044e-06,4.650582366036492,93,4.0,gauss0.3arcmin,291,427,17,0,421.0
422,25.371333333333407,7.014666666666691,3.121114615345282e-06,4.650575888815709,89,4.0,gauss0.3arcmin,292,428,17,0,422.0
423,26.09200000000008,5.609333333333352,2.8642929500571517e-06,4.648430793309423,149,4.0,gauss0.4arcmin,655,429,17,0,423.0
424,26.618666666666744,5.298666666666684,3.7814286110401215e-06,4.640610026830699,63,4.0,gauss0.25arcmin,56,430,17,0,424.0
425,25.140666666666757,6.880000000000023,2.3976118557497563e-06,4.62865524469417,289,4.0,gauss0.65arcmin,1160,431,17,0,425.0
426,25.53133333333342,6.231333333333354,2.6466406305163365e-06,4.622684849552176,181,4.0,gauss0.45arcmin,790,432,17,0,426.0
427,25.274000000000097,4.96333333333335,2.9339887542883417e-06,4.620089836782424,110,4.0,gauss0.35arcmin,502,433,17,0,427.0
428,26.59266666666676,6.176000000000021,3.688392734772936e-06,4.617890188908539,55,4.0,gauss0.25arcmin,59,434,17,0,428.0
429,25.664666666666765,5.644000000000019,3.223363698345212e-06,4.614366417892538,91,4.0,gauss0.3arcmin,297,435,17,0,429.0
430,26.544000000000093,5.390666666666685,3.7596473589680062e-06,4.613970302625749,49,4.0,gauss0.25arcmin,60,436,17,0,430.0
431,25.31866666666675,6.756000000000022,3.53142041305606e-06,4.606933363463867,126,4.0,gauss0.25arcmin,61,437,17,0,431.0
432,26.05466666666674,5.451333333333352,3.663661781923241e-06,4.605166678267724,42,4.0,gauss0.25arcmin,62,438,17,0,432.0
433,26.2300000000001,6.287333333333355,2.9593600705501235e-06,4.594073789621823,115,4.0,gauss0.35arcmin,509,439,17,0,433.0
434,25.86733333333341,6.156666666666688,2.7021707378390164e-06,4.593007609168804,168,4.0,gauss0.45arcmin,794,440,17,0,434.0
435,26.33000000000009,6.298000000000021,3.611848020777879e-06,4.592983268525629,57,4.0,gauss0.25arcmin,66,441,17,0,435.0
436,25.98600000000007,5.939333333333353,3.621285984774054e-06,4.592153263336954,60,4.0,gauss0.25arcmin,67,442,17,0,436.0
437,25.22466666666674,5.062000000000017,3.591404244762396e-06,4.592038850839677,36,4.0,gauss0.25arcmin,68,443,17,0,437.0
438,25.41866666666674,6.915333333333357,3.1297804565767235e-06,4.591389951339573,82,4.0,gauss0.3arcmin,303,444,17,0,438.0
439,25.97333333333341,5.280666666666685,2.9949612132142395e-06,4.587951756915161,112,4.0,gauss0.35arcmin,511,445,17,0,439.0
440,26.304000000000084,5.019333333333352,3.640117626100923e-06,4.574156951955778,60,4.0,gauss0.25arcmin,72,446,17,0,440.0
441,25.74000000000008,6.492000000000022,2.464349740332837e-06,4.574082051201676,241,4.0,gauss0.6arcmin,1086,447,17,0,441.0
442,25.88066666666676,5.283333333333351,3.638123737905264e-06,4.573092240388376,51,4.0,gauss0.25arcmin,73,448,17,0,442.0
443,25.376000000000086,5.689333333333352,3.5393067145502374e-06,4.569270262890583,53,4.0,gauss0.25arcmin,74,449,17,0,443.0
444,25.242666666666743,5.308000000000018,2.9468887015092003e-06,4.568497928193378,95,4.0,gauss0.35arcmin,514,450,17,0,444.0
445,25.10466666666675,6.827333333333357,2.459820163662696e-06,4.561346669490308,199,4.0,gauss0.55arcmin,1001,451,17,0,445.0
446,26.208666666666744,6.512000000000022,3.514283259795568e-06,4.559759751376196,56,4.0,gauss0.25arcmin,76,452,17,0,446.0
447,26.16400000000009,7.016000000000024,3.0699753275811466e-06,4.5564922285389535,73,4.0,gauss0.3arcmin,309,453,17,0,447.0
448,25.45400000000009,5.150666666666684,3.5659650868519623e-06,4.553966752141158,57,4.0,gauss0.25arcmin,80,454,17,0,448.0
449,25.90466666666675,5.662666666666686,2.439844780109332e-06,4.552001154709751,334,4.0,gauss0.75arcmin,1302,455,17,0,449.0
450,26.068666666666758,5.074000000000017,3.618232340677641e-06,4.551111231163499,44,4.0,gauss0.25arcmin,81,456,17,0,450.0
451,25.87733333333341,6.331333333333355,2.64575743183016e-06,4.540788094956572,169,4.0,gauss0.45arcmin,796,457,17,0,451.0
452,26.860000000000085,5.88200000000002,2.8017638392307223e-06,4.538134077465686,126,4.0,gauss0.4arcmin,668,458,17,0,452.0
453,25.335333333333423,5.762666666666688,2.424164069017434e-06,4.537912259673334,237,4.0,gauss0.6arcmin,1089,459,17,0,453.0
454,25.506666666666742,5.166000000000017,2.77405376460412e-06,4.535822678745012,128,4.0,gauss0.4arcmin,669,460,17,0,454.0
455,26.160666666666742,6.286000000000021,3.556602349031489e-06,4.534591594166327,43,4.0,gauss0.25arcmin,84,461,17,0,455.0
456,25.85066666666676,6.396666666666689,3.5077231346985093e-06,4.533455087735358,57,4.0,gauss0.25arcmin,85,462,17,0,456.0
457,26.896000000000093,6.658666666666689,3.47596560476163e-06,4.525472117224745,45,4.0,gauss0.25arcmin,87,463,17,0,457.0
458,25.386000000000084,5.263333333333351,3.5410791027740632e-06,4.522203092594125,52,4.0,gauss0.25arcmin,88,464,17,0,458.0
459,26.87800000000009,6.410000000000022,3.49024452052104e-06,4.521130024572869,40,4.0,gauss0.25arcmin,89,465,17,0,459.0
460,26.87533333333343,6.699333333333356,3.4728695906082288e-06,4.52095715227687,56,4.0,gauss0.25arcmin,90,466,17,0,460.0
461,25.511333333333425,6.584000000000022,3.462116907326368e-06,4.516265282226824,56,4.0,gauss0.25arcmin,92,467,17,0,461.0
462,25.88866666666674,6.708666666666689,2.7071229086382567e-06,4.514553336067382,115,4.0,gauss0.4arcmin,674,468,17,0,462.0
747,26.37133333333342,4.978000000000017,2.0979550903762258e-06,4.514267137519334,387,4.0,gauss0.75arcmin,74,469,19,0,747.0
463,26.030000000000086,5.046666666666684,3.577864372241379e-06,4.508358252579647,45,4.0,gauss0.25arcmin,93,470,17,0,463.0
464,25.664000000000076,6.630666666666689,3.4646335972307327e-06,4.507839072764219,51,4.0,gauss0.25arcmin,94,471,17,0,464.0
465,27.013333333333424,6.600000000000023,3.4063737661361597e-06,4.505872096786369,41,4.0,gauss0.25arcmin,95,472,17,0,465.0
466,26.83066666666675,6.216666666666688,3.5937606469009144e-06,4.504844064603951,40,4.0,gauss0.25arcmin,96,473,17,0,466.0
467,26.744666666666745,6.8486666666666896,3.459528576321209e-06,4.503413561088021,49,4.0,gauss0.25arcmin,97,474,17,0,467.0
468,25.326666666666757,5.092000000000017,2.7514604793607413e-06,4.5004197665357,140,4.0,gauss0.4arcmin,677,475,17,0,468.0
469,25.55000000000009,6.300000000000022,2.68228142152292e-06,4.494335678786882,141,4.0,gauss0.4arcmin,678,476,17,0,469.0
470,25.04200000000009,6.202666666666689,3.445729387992632e-06,4.491127799139992,39,4.0,gauss0.25arcmin,100,477,17,0,470.0
471,26.17066666666674,6.252000000000021,3.532644359772592e-06,4.490756351224094,36,4.0,gauss0.25arcmin,101,478,17,0,471.0
472,24.966000000000086,5.878666666666686,3.011435983571588e-06,4.476379237449063,68,4.0,gauss0.3arcmin,325,479,17,0,472.0
473,26.79133333333342,5.563333333333352,2.8176761281068197e-06,4.472848495786243,121,4.0,gauss0.4arcmin,683,480,17,0,473.0
474,26.28933333333343,4.97533333333335,2.429027232636112e-06,4.471866652192279,237,4.0,gauss0.6arcmin,1094,481,17,0,474.0
475,25.989333333333423,6.542666666666689,3.439119315321175e-06,4.462067787209077,28,4.0,gauss0.25arcmin,103,482,17,0,475.0
476,24.997333333333412,5.243333333333351,3.433505344263508e-06,4.457401047161166,34,4.0,gauss0.25arcmin,104,483,17,0,476.0
477,25.37733333333341,6.754666666666689,2.466780884971372e-06,4.456739254484229,141,4.0,gauss0.5arcmin,920,484,17,0,477.0
478,26.986666666666757,6.858000000000024,3.387540564515603e-06,4.4554964709043645,23,4.0,gauss0.25arcmin,106,485,17,0,478.0
479,25.14666666666674,5.576000000000019,2.4165276979489645e-06,4.4547915461828405,230,4.0,gauss0.7arcmin,1241,486,17,0,479.0
480,26.410666666666756,5.396666666666685,3.6191678057848302e-06,4.454492246142426,45,4.0,gauss0.25arcmin,108,487,17,0,480.0
748,25.965333333333408,6.423333333333355,2.3568730603937428e-06,4.445738612513231,120,4.0,gauss0.45arcmin,51,488,19,0,748.0
481,26.84333333333341,6.086000000000021,2.743866313536714e-06,4.444379082196052,102,4.0,gauss0.4arcmin,687,489,17,0,481.0
482,25.814666666666756,6.517333333333355,2.3567834413407355e-06,4.436158133414913,315,4.0,gauss0.75arcmin,1307,490,17,0,482.0
483,26.596000000000085,5.068000000000017,3.608076107072691e-06,4.431899632982013,39,4.0,gauss0.25arcmin,110,491,17,0,483.0
484,26.868666666666755,5.126000000000017,3.6098429213613856e-06,4.4303493401472025,32,4.0,gauss0.25arcmin,111,492,17,0,484.0
485,26.058666666666756,5.172666666666684,3.5174558476556435e-06,4.421371355545651,29,4.0,gauss0.25arcmin,112,493,17,0,485.0
486,25.082666666666757,5.640666666666686,2.829116243664546e-06,4.420166441900257,72,4.0,gauss0.35arcmin,536,494,17,0,486.0
487,25.896666666666743,5.494666666666685,3.515806141789002e-06,4.419506618703663,45,4.0,gauss0.25arcmin,113,495,17,0,487.0
488,26.15933333333341,6.887333333333356,3.4053779820396505e-06,4.418833899194524,38,4.0,gauss0.25arcmin,114,496,17,0,488.0
640,25.883333333333415,6.01000000000002,2.1742899641291777e-06,4.41693514135428,300,4.0,gauss0.75arcmin,307,497,18,0,640.0
489,25.63933333333342,6.119333333333354,3.4277233602448e-06,4.41603023545639,38,4.0,gauss0.25arcmin,115,498,17,0,489.0
490,24.98600000000009,6.732000000000022,3.328458694829358e-06,4.4140604411360425,38,4.0,gauss0.25arcmin,119,499,17,0,490.0
491,27.038666666666742,5.384000000000018,2.326436892641874e-06,4.409137039887898,446,4.0,gauss0.75arcmin,1310,500,17,0,491.0
492,26.42066666666675,5.948666666666687,3.515294394747687e-06,4.405081954656969,36,4.0,gauss0.25arcmin,120,501,17,0,492.0
493,25.119333333333422,5.221333333333351,2.59336688236406e-06,4.4015646298233815,117,4.0,gauss0.45arcmin,818,502,17,0,493.0
494,25.82866666666674,5.762000000000019,3.085385458455428e-06,4.398438291412188,54,4.0,gauss0.3arcmin,348,503,17,0,494.0
495,25.75600000000009,6.340666666666688,3.4185451043966864e-06,4.394825504156465,39,4.0,gauss0.25arcmin,121,504,17,0,495.0
641,25.50000000000009,6.314000000000021,2.064250400679989e-06,4.393661261671336,407,4.0,gauss0.75arcmin,308,505,18,0,641.0
642,25.019333333333407,5.360000000000018,2.1505355812619883e-06,4.39082589437548,234,4.0,gauss0.75arcmin,309,506,18,0,642.0
496,26.102000000000075,5.70200000000002,3.471208716796219e-06,4.390309057845919,46,4.0,gauss0.25arcmin,122,507,17,0,496.0
497,26.754000000000083,5.93000000000002,3.507652291690415e-06,4.390028120264485,30,4.0,gauss0.25arcmin,123,508,17,0,497.0
498,26.568000000000083,6.645333333333356,3.367532109743789e-06,4.383618279597172,38,4.0,gauss0.25arcmin,124,509,17,0,498.0
499,25.71866666666675,6.87066666666669,2.9970233758031567e-06,4.381399336083328,56,4.0,gauss0.3arcmin,353,510,17,0,499.0
643,26.042666666666744,6.320000000000022,3.2953413913128613e-06,4.3804438547445255,22,4.0,gauss0.25arcmin,4,511,18,0,643.0
644,25.352666666666764,5.022000000000017,3.262813660512591e-06,4.377956965424142,44,4.0,gauss0.25arcmin,5,512,18,0,644.0
645,26.034000000000077,5.034666666666683,3.330948477224856e-06,4.377555313617817,65,4.0,gauss0.25arcmin,6,513,18,0,645.0
500,26.95333333333343,5.714666666666686,3.504652430186771e-06,4.37754537851782,44,4.0,gauss0.25arcmin,125,514,17,0,500.0
501,25.94600000000008,6.790000000000023,3.3734251949652545e-06,4.376918352545776,43,4.0,gauss0.25arcmin,126,515,17,0,501.0
502,26.83866666666676,5.325333333333352,3.559961794341792e-06,4.368843133276679,39,4.0,gauss0.25arcmin,129,516,17,0,502.0
503,25.944666666666745,6.373333333333355,2.3295281122190806e-06,4.367821632069098,269,4.0,gauss0.75arcmin,1313,517,17,0,503.0
504,25.80400000000009,5.750666666666686,2.3462359946225595e-06,4.367664186617449,497,4.0,gauss0.75arcmin,1314,518,17,0,504.0
505,25.17533333333341,6.999333333333357,2.1711440858283067e-06,4.367177190110088,301,4.0,gauss0.75arcmin,1315,519,17,0,505.0
506,26.53266666666674,5.036666666666684,3.54376730447474e-06,4.36565194082596,28,4.0,gauss0.25arcmin,131,520,17,0,506.0
507,25.201333333333416,5.85200000000002,3.3605151505580414e-06,4.365642858438513,25,4.0,gauss0.25arcmin,132,521,17,0,507.0
508,25.560666666666755,5.247333333333351,3.0464108770445604e-06,4.365449457238015,55,4.0,gauss0.3arcmin,357,522,17,0,508.0
509,25.43600000000008,6.973333333333357,3.326190501848004e-06,4.364956805864938,41,4.0,gauss0.25arcmin,133,523,17,0,509.0
510,25.526666666666745,5.470000000000018,3.41129223081511e-06,4.355280397060191,36,4.0,gauss0.25arcmin,136,524,17,0,510.0
511,25.13133333333342,6.252000000000021,3.345247839357964e-06,4.348159514732466,35,4.0,gauss0.25arcmin,138,525,17,0,511.0
512,26.846000000000096,7.056000000000025,3.285495182507308e-06,4.34575960770491,34,4.0,gauss0.25arcmin,141,526,17,0,512.0
646,26.872666666666746,6.68666666666669,3.2306267377872383e-06,4.334806188601403,27,4.0,gauss0.25arcmin,7,527,18,0,646.0
513,26.136000000000088,5.646666666666687,3.434430771329545e-06,4.331450049336819,25,4.0,gauss0.25arcmin,142,528,17,0,513.0
514,26.847333333333427,7.010000000000024,2.413951189482006e-06,4.321611745173967,93,4.0,gauss0.45arcmin,828,529,17,0,514.0
647,25.92666666666674,6.427333333333355,2.106858689589881e-06,4.318390710427993,328,4.0,gauss0.75arcmin,310,530,18,0,647.0
515,26.40933333333342,6.368000000000022,2.4842266880971675e-06,4.31626600970875,81,4.0,gauss0.45arcmin,829,531,17,0,515.0
516,25.340666666666745,6.916000000000024,3.3063906096455326e-06,4.315185429626341,30,4.0,gauss0.25arcmin,145,532,17,0,516.0
517,26.054000000000077,5.053333333333351,3.425545366620478e-06,4.313667173955561,30,4.0,gauss0.25arcmin,146,533,17,0,517.0
518,26.59400000000009,5.451333333333352,3.5137839709741957e-06,4.3122104793169145,26,4.0,gauss0.25arcmin,147,534,17,0,518.0
749,25.26800000000009,5.05533333333335,3.18397507781362e-06,4.311974429644076,34,4.0,gauss0.25arcmin,0,535,19,0,749.0
519,26.187333333333417,6.073333333333354,3.397142710705524e-06,4.307074790817398,30,4.0,gauss0.25arcmin,148,536,17,0,519.0
520,25.63200000000008,6.508000000000022,3.307094561714952e-06,4.306945080707462,34,4.0,gauss0.25arcmin,149,537,17,0,520.0
521,25.88400000000009,6.2193333333333545,3.015894919927567e-06,4.305966041185303,43,4.0,gauss0.3arcmin,368,538,17,0,521.0
522,26.905333333333427,5.113333333333351,3.5063907286661417e-06,4.304533730392123,22,4.0,gauss0.25arcmin,150,539,17,0,522.0
523,26.2300000000001,6.364000000000021,2.96950566329109e-06,4.304291404643004,48,4.0,gauss0.3arcmin,369,540,17,0,523.0
648,25.681333333333413,5.642000000000019,2.4712693391104745e-06,4.303865145410223,66,4.0,gauss0.4arcmin,149,541,18,0,648.0
649,25.902666666666757,5.260666666666684,2.9005698087031864e-06,4.303513629189586,49,4.0,gauss0.3arcmin,79,542,18,0,649.0
524,25.93066666666676,5.645333333333353,3.4120196296553007e-06,4.303042470159688,29,4.0,gauss0.25arcmin,152,543,17,0,524.0
650,26.463333333333438,5.184000000000018,2.709345620506608e-06,4.301322751136771,56,4.0,gauss0.35arcmin,120,544,18,0,650.0
525,25.87000000000007,6.410666666666688,2.28453350450058e-06,4.291413246983292,296,4.0,gauss0.75arcmin,1316,545,17,0,525.0
526,26.88600000000009,5.112000000000017,2.3002882682165745e-06,4.290978133406127,282,4.0,gauss0.75arcmin,1317,546,17,0,526.0
804,25.72133333333341,5.95400000000002,2.54097631112752e-06,4.287846928871194,55,4.0,gauss0.35arcmin,3,547,22,0,804.0
527,25.638666666666754,5.346666666666684,2.776281174648073e-06,4.2865189371920325,55,4.0,gauss0.35arcmin,557,548,17,0,527.0
528,25.184666666666743,5.4986666666666855,2.7646428036440573e-06,4.286500952442697,52,4.0,gauss0.35arcmin,558,549,17,0,528.0
651,26.610666666666766,6.879333333333356,3.1940961797813187e-06,4.285853950982797,24,4.0,gauss0.25arcmin,8,550,18,0,651.0
529,26.644000000000087,5.633333333333352,3.4686729820639696e-06,4.282644525574192,25,4.0,gauss0.25arcmin,154,551,17,0,529.0
530,26.17733333333341,5.224000000000018,3.4073140752567898e-06,4.281869179392241,33,4.0,gauss0.25arcmin,155,552,17,0,530.0
531,26.972666666666765,5.278000000000019,2.4111028684766427e-06,4.279724097080707,103,4.0,gauss0.55arcmin,1033,553,17,0,531.0
652,26.69333333333342,5.596666666666685,2.229508401306397e-06,4.278086664218376,100,4.0,gauss0.55arcmin,224,554,18,0,652.0
653,25.64666666666676,6.96266666666669,2.0196893634826567e-06,4.274928051688466,215,4.0,gauss0.75arcmin,311,555,18,0,653.0
532,24.980000000000075,6.924000000000024,2.4022894191018503e-06,4.274776096341677,77,4.0,gauss0.45arcmin,837,556,17,0,532.0
533,25.41666666666675,7.021333333333357,3.2239037796975164e-06,4.273537793748566,26,4.0,gauss0.25arcmin,157,557,17,0,533.0
534,25.415333333333415,6.130666666666688,3.2861309857548417e-06,4.269218712019444,26,4.0,gauss0.25arcmin,158,558,17,0,534.0
535,26.088666666666757,6.800000000000023,2.267654626716098e-06,4.26569187238704,243,4.0,gauss0.75arcmin,1320,559,17,0,535.0
654,26.33000000000009,4.96333333333335,2.0501357365774e-06,4.263739009449831,215,4.0,gauss0.75arcmin,312,560,18,0,654.0
536,25.75466666666676,6.603333333333357,3.2836675206421047e-06,4.2626291605130575,23,4.0,gauss0.25arcmin,159,561,17,0,536.0
537,26.98466666666676,5.00733333333335,3.0214200847392294e-06,4.260429419600186,37,4.0,gauss0.3arcmin,380,562,17,0,537.0
538,25.488000000000078,6.688000000000023,3.264579839156909e-06,4.25873421332462,24,4.0,gauss0.25arcmin,160,563,17,0,538.0
655,25.947333333333404,6.193333333333355,3.2272179790176444e-06,4.255463072243561,25,4.0,gauss0.25arcmin,9,564,18,0,655.0
539,25.244000000000074,6.576666666666689,3.259940309557723e-06,4.252770279533326,24,4.0,gauss0.25arcmin,163,565,17,0,539.0
540,26.64800000000008,6.628000000000022,3.2654195079722763e-06,4.250697801623772,20,4.0,gauss0.25arcmin,164,566,17,0,540.0
541,25.84000000000007,5.722666666666686,2.984599327400028e-06,4.24982972318898,39,4.0,gauss0.3arcmin,382,567,17,0,541.0
656,26.054000000000077,5.022666666666684,2.061759761294853e-06,4.248915578685228,282,4.0,gauss0.75arcmin,313,568,18,0,656.0
657,26.12400000000009,6.156000000000021,2.8411970918510654e-06,4.247689614484258,35,4.0,gauss0.3arcmin,81,569,18,0,657.0
658,24.951333333333405,5.493333333333352,2.5414048292914094e-06,4.242808529035346,46,4.0,gauss0.35arcmin,125,570,18,0,658.0
542,26.60533333333342,6.914000000000024,2.228835584742562e-06,4.239502437660109,113,4.0,gauss0.65arcmin,1191,571,17,0,542.0
659,26.83466666666674,5.76600000000002,3.2616386366091664e-06,4.233113833028804,21,4.0,gauss0.25arcmin,10,572,18,0,659.0
543,25.29933333333341,5.218000000000018,2.7303286924877303e-06,4.232769845032877,42,4.0,gauss0.35arcmin,572,573,17,0,543.0
544,26.337333333333437,6.420000000000022,2.67159699938824e-06,4.23135636400534,43,4.0,gauss0.35arcmin,573,574,17,0,544.0
660,25.760666666666744,5.98000000000002,2.823078911124593e-06,4.227866972661355,30,4.0,gauss0.3arcmin,83,575,18,0,660.0
661,26.376666666666765,5.196666666666684,3.2795970493628262e-06,4.222883807461324,19,4.0,gauss0.25arcmin,11,576,18,0,661.0
545,24.95000000000008,5.196666666666684,3.251749504888691e-06,4.221445680580472,21,4.0,gauss0.25arcmin,168,577,17,0,545.0
662,26.66200000000009,6.134666666666687,3.2488743507202925e-06,4.220877265412401,23,4.0,gauss0.25arcmin,12,578,18,0,662.0
663,27.02133333333343,5.352666666666685,3.2433934286600373e-06,4.220166486251355,21,4.0,gauss0.25arcmin,13,579,18,0,663.0
664,25.819333333333407,5.09733333333335,3.222770682824679e-06,4.219597586268393,21,4.0,gauss0.25arcmin,14,580,18,0,664.0
546,26.20666666666675,6.332666666666688,3.2892873914945e-06,4.2180633799680525,19,4.0,gauss0.25arcmin,170,581,17,0,546.0
547,25.41600000000008,4.954000000000017,3.251511334162468e-06,4.2177547106029305,25,4.0,gauss0.25arcmin,171,582,17,0,547.0
665,25.27266666666674,5.74400000000002,2.7603172490871807e-06,4.213857112319732,29,4.0,gauss0.3arcmin,84,583,18,0,665.0
548,26.790000000000088,5.008666666666684,3.3928914817605865e-06,4.212577563491132,25,4.0,gauss0.25arcmin,173,584,17,0,548.0
750,26.868666666666755,5.094000000000017,2.577567879771313e-06,4.2075341301277405,43,4.0,gauss0.35arcmin,36,585,19,0,750.0
549,24.93000000000008,6.539333333333356,3.171952295579312e-06,4.206491081527123,22,4.0,gauss0.25arcmin,174,586,17,0,549.0
666,26.37866666666676,5.022666666666684,3.242456749770935e-06,4.202566461637339,20,4.0,gauss0.25arcmin,15,587,18,0,666.0
751,25.33733333333342,5.644000000000019,2.724090126313845e-06,4.202166114864324,32,4.0,gauss0.3arcmin,23,588,19,0,751.0
667,26.178666666666743,4.972666666666684,3.1584019844400985e-06,4.197739174781431,18,4.0,gauss0.25arcmin,16,589,18,0,667.0
550,25.17933333333342,7.019333333333357,3.1662869751783648e-06,4.1971699507080125,12,4.0,gauss0.25arcmin,176,590,17,0,550.0
668,26.87466666666677,4.990666666666684,3.226790437235177e-06,4.196969254352192,16,4.0,gauss0.25arcmin,18,591,18,0,668.0
551,26.942666666666764,6.358000000000022,2.66314469548709e-06,4.1950202860971455,38,4.0,gauss0.35arcmin,582,592,17,0,551.0
552,25.74933333333341,5.524666666666685,3.329155254588006e-06,4.192466480199572,18,4.0,gauss0.25arcmin,178,593,17,0,552.0
669,26.786666666666765,5.405333333333352,2.255078536181157e-06,4.191813983899647,73,4.0,gauss0.5arcmin,205,594,18,0,669.0
553,25.258000000000088,6.87666666666669,2.116152085856065e-06,4.189280222050826,240,4.0,gauss0.75arcmin,1328,595,17,0,553.0
670,26.440000000000087,4.988666666666684,2.013487249252385e-06,4.188708350801975,142,4.0,gauss0.75arcmin,315,596,18,0,670.0
554,26.38733333333343,5.102666666666684,3.3957428255325044e-06,4.18862858327401,15,4.0,gauss0.25arcmin,179,597,17,0,554.0
752,25.544666666666743,5.490000000000019,2.0680744518846432e-06,4.188626822607938,91,4.0,gauss0.6arcmin,65,598,19,0,752.0
555,26.03466666666674,6.262000000000021,3.292165609951694e-06,4.188395196708496,19,4.0,gauss0.25arcmin,180,599,17,0,555.0
556,26.18466666666676,6.837333333333357,3.2265159204707823e-06,4.186507801946595,16,4.0,gauss0.25arcmin,182,600,17,0,556.0
671,25.756666666666757,6.786000000000023,2.742442761297095e-06,4.185810089779899,26,4.0,gauss0.3arcmin,85,601,18,0,671.0
557,24.968666666666746,5.520666666666686,3.222469633970421e-06,4.184460656038409,14,4.0,gauss0.25arcmin,183,602,17,0,557.0
753,25.730666666666743,6.272666666666688,3.1106770410667244e-06,4.184205129969003,17,4.0,gauss0.25arcmin,1,603,19,0,753.0
672,26.61533333333342,5.02333333333335,2.2358671895956606e-06,4.18360379365001,58,4.0,gauss0.5arcmin,206,604,18,0,672.0
558,26.44866666666676,5.518000000000018,3.40347158063209e-06,4.181994245253443,18,4.0,gauss0.25arcmin,184,605,17,0,558.0
559,25.367333333333416,5.949333333333353,3.218324751781984e-06,4.181114635109412,21,4.0,gauss0.25arcmin,185,606,17,0,559.0
673,26.33866666666676,5.040000000000017,3.2214420114646342e-06,4.180695160042076,18,4.0,gauss0.25arcmin,20,607,18,0,673.0
754,25.712000000000074,6.612666666666689,1.973870216407893e-06,4.179504944537573,210,4.0,gauss0.75arcmin,75,608,19,0,754.0
674,26.132000000000076,5.388666666666685,3.190015558439555e-06,4.174915796434325,19,4.0,gauss0.25arcmin,22,609,18,0,674.0
675,25.54000000000009,5.536000000000019,2.390659771291465e-06,4.174879940945736,47,4.0,gauss0.4arcmin,155,610,18,0,675.0
676,25.29000000000008,5.367333333333352,2.541180309868059e-06,4.173032643408537,35,4.0,gauss0.35arcmin,127,611,18,0,676.0
560,26.132000000000076,5.5306666666666855,3.316861257341722e-06,4.169851664290545,19,4.0,gauss0.25arcmin,187,612,17,0,560.0
561,24.983333333333423,6.474666666666689,2.125046826035436e-06,4.169130259183364,79,4.0,gauss0.65arcmin,1197,613,17,0,561.0
677,25.08933333333343,6.620000000000022,2.154228202695746e-06,4.169102262972995,58,4.0,gauss0.5arcmin,207,614,18,0,677.0
562,26.678000000000075,6.106666666666687,3.3307808606809628e-06,4.168721645343001,14,4.0,gauss0.25arcmin,188,615,17,0,562.0
563,25.19466666666674,5.066666666666684,3.2611049931081693e-06,4.168699341441867,14,4.0,gauss0.25arcmin,189,616,17,0,563.0
564,27.070000000000096,7.070000000000024,2.2915048480016685e-06,4.168688570385337,57,4.0,gauss0.45arcmin,846,617,17,0,564.0
565,26.827333333333428,5.130000000000018,3.396124911507414e-06,4.1678957726078885,13,4.0,gauss0.25arcmin,190,618,17,0,565.0
678,27.049333333333436,7.051333333333357,2.1016183381300964e-06,4.167778337740312,64,4.0,gauss0.5arcmin,208,619,18,0,678.0
566,26.640666666666764,5.92600000000002,3.3298678453760896e-06,4.167519875667712,17,4.0,gauss0.25arcmin,191,620,17,0,566.0
679,25.472666666666758,5.182000000000017,2.056331251710322e-06,4.165149705283573,95,4.0,gauss0.75arcmin,316,621,18,0,679.0
680,26.451333333333416,5.94200000000002,2.0955459525360867e-06,4.162691310433811,88,4.0,gauss0.65arcmin,273,622,18,0,680.0
681,25.85733333333341,5.098666666666684,3.1787557732423754e-06,4.161240774373258,11,4.0,gauss0.25arcmin,23,623,18,0,681.0
567,25.06200000000009,5.509333333333352,2.678234189659948e-06,4.158110206446589,34,4.0,gauss0.35arcmin,592,624,17,0,567.0
682,24.993333333333425,7.040666666666691,1.875546607502724e-06,4.157658988042547,115,4.0,gauss0.75arcmin,317,625,18,0,682.0
568,26.18800000000008,5.485333333333353,2.9403511375768484e-06,4.15571030164732,25,4.0,gauss0.3arcmin,410,626,17,0,568.0
569,25.243333333333407,6.817333333333357,3.1848488331719862e-06,4.154815569261365,15,4.0,gauss0.25arcmin,194,627,17,0,569.0
570,25.270666666666745,5.6060000000000185,2.3230326230998765e-06,4.153885902918054,62,4.0,gauss0.55arcmin,1052,628,17,0,570.0
571,26.279333333333405,5.388000000000019,3.3201697527813764e-06,4.152060562908414,14,4.0,gauss0.25arcmin,196,629,17,0,571.0
572,25.036000000000083,5.382666666666685,3.2372713026133545e-06,4.151058642553769,13,4.0,gauss0.25arcmin,197,630,17,0,572.0
755,26.782000000000085,6.408000000000022,2.465350679894021e-06,4.150317245300828,27,4.0,gauss0.35arcmin,37,631,19,0,755.0
683,25.88466666666675,5.906666666666687,2.775759407185953e-06,4.149624836486125,21,4.0,gauss0.3arcmin,89,632,18,0,683.0
573,25.95533333333341,5.080000000000017,3.298690490292069e-06,4.148454631392758,17,4.0,gauss0.25arcmin,198,633,17,0,573.0
574,25.574666666666744,6.231333333333354,2.624818170895937e-06,4.147695602832728,32,4.0,gauss0.35arcmin,594,634,17,0,574.0
684,25.725333333333424,6.290666666666688,3.119057926749445e-06,4.146761809467341,16,4.0,gauss0.25arcmin,25,635,18,0,684.0
575,25.78266666666673,5.762666666666688,3.2688967208625727e-06,4.146561662336024,11,4.0,gauss0.25arcmin,200,636,17,0,575.0
576,26.946666666666754,6.045333333333354,2.448791178417103e-06,4.145359152670402,42,4.0,gauss0.45arcmin,852,637,17,0,576.0
685,26.167333333333417,6.594000000000023,2.020699497785576e-06,4.144969152783934,120,4.0,gauss0.75arcmin,318,638,18,0,685.0
686,25.97266666666675,6.013333333333354,2.3837516321680914e-06,4.1437197015395855,32,4.0,gauss0.4arcmin,157,639,18,0,686.0
756,26.825333333333436,5.739333333333353,1.9931381586187086e-06,4.142818879875414,127,4.0,gauss0.75arcmin,77,640,19,0,756.0
577,24.965333333333422,5.938666666666687,3.1353881170188207e-06,4.140789333986269,14,4.0,gauss0.25arcmin,201,641,17,0,577.0
578,26.02666666666676,6.086000000000021,2.2257448620110902e-06,4.137324821396375,128,4.0,gauss0.75arcmin,1331,642,17,0,578.0
579,25.816000000000084,5.340000000000018,3.2883048390000786e-06,4.134159413602603,12,4.0,gauss0.25arcmin,203,643,17,0,579.0
687,25.27666666666676,5.018666666666683,3.0776476052415926e-06,4.133557422695312,10,4.0,gauss0.25arcmin,28,644,18,0,687.0
688,25.94533333333341,5.90800000000002,3.1331437784284825e-06,4.129929776565114,12,4.0,gauss0.25arcmin,29,645,18,0,688.0
689,25.51066666666676,6.271333333333355,2.47358411356338e-06,4.127795686963697,31,4.0,gauss0.35arcmin,132,646,18,0,689.0
690,26.74200000000009,5.2086666666666845,2.0994739866477234e-06,4.1270599153250735,55,4.0,gauss0.6arcmin,254,647,18,0,690.0
580,25.58466666666674,6.85866666666669,3.1653998160875925e-06,4.126989229783535,9,4.0,gauss0.25arcmin,204,648,17,0,580.0
691,25.4893333333334,6.84666666666669,3.0546172733226927e-06,4.126570046358093,13,4.0,gauss0.25arcmin,30,649,18,0,691.0
581,26.54000000000008,6.550666666666689,3.169852188901452e-06,4.12619151986945,10,4.0,gauss0.25arcmin,205,650,17,0,581.0
692,26.04933333333342,5.522000000000019,2.5477409832407982e-06,4.125468410216653,25,4.0,gauss0.35arcmin,133,651,18,0,692.0
693,25.773333333333422,6.716000000000022,3.0651509112371254e-06,4.123071032134141,9,4.0,gauss0.25arcmin,31,652,18,0,693.0
757,25.99333333333341,6.03600000000002,3.0832296749739945e-06,4.119866850772284,12,4.0,gauss0.25arcmin,3,653,19,0,757.0
582,26.25466666666675,5.138666666666684,2.2388040989194487e-06,4.119849259552747,60,4.0,gauss0.65arcmin,1202,654,17,0,582.0
694,26.025333333333432,5.887333333333353,3.123450032030548e-06,4.11714122582746,12,4.0,gauss0.25arcmin,32,655,18,0,694.0
695,25.25333333333341,5.036666666666684,2.4974998342971708e-06,4.116909543163482,23,4.0,gauss0.35arcmin,135,656,18,0,695.0
696,25.14866666666676,5.098000000000018,2.0660288175382103e-06,4.116675347071101,63,4.0,gauss0.65arcmin,274,657,18,0,696.0
697,25.19866666666676,5.65400000000002,2.713246033346554e-06,4.115935899192041,16,4.0,gauss0.3arcmin,92,658,18,0,697.0
698,25.63800000000009,5.440000000000019,3.1072457447928067e-06,4.115286829771226,9,4.0,gauss0.25arcmin,33,659,18,0,698.0
583,26.19666666666675,5.70800000000002,3.253898226856007e-06,4.11518391169891,18,4.0,gauss0.25arcmin,206,660,17,0,583.0
699,26.88600000000009,6.562000000000023,2.3177067930219587e-06,4.114957401540852,35,4.0,gauss0.4arcmin,161,661,18,0,699.0
584,25.445333333333416,6.115333333333354,3.1665162573598608e-06,4.113768403900143,10,4.0,gauss0.25arcmin,207,662,17,0,584.0
585,25.460000000000097,5.998666666666687,3.165662849242568e-06,4.112594624923228,12,4.0,gauss0.25arcmin,208,663,17,0,585.0
700,26.211333333333428,5.471333333333352,3.144620972742994e-06,4.112516515445435,14,4.0,gauss0.25arcmin,34,664,18,0,700.0
701,25.93333333333341,6.512666666666688,3.0579837829567136e-06,4.1121059340484605,9,4.0,gauss0.25arcmin,35,665,18,0,701.0
586,26.628666666666746,6.489333333333355,2.432113542041891e-06,4.111483131794614,28,4.0,gauss0.4arcmin,743,666,17,0,586.0
587,25.0313333333334,5.764666666666686,3.152424789039242e-06,4.110785648739864,10,4.0,gauss0.25arcmin,209,667,17,0,587.0
588,25.84266666666676,5.243333333333351,2.4340557078788357e-06,4.109681200647354,33,4.0,gauss0.45arcmin,855,668,17,0,588.0
702,26.11933333333341,5.5740000000000185,3.137747221039396e-06,4.1089917065867,10,4.0,gauss0.25arcmin,36,669,18,0,702.0
758,25.901333333333422,6.424666666666688,3.0227028838704257e-06,4.108877055085332,12,4.0,gauss0.25arcmin,4,670,19,0,758.0
703,25.58133333333342,5.034666666666683,3.076439576417593e-06,4.108641319805735,9,4.0,gauss0.25arcmin,37,671,18,0,703.0
759,26.676666666666748,5.3546666666666844,2.7622109940973985e-06,4.108203113007384,16,4.0,gauss0.3arcmin,24,672,19,0,759.0
760,26.628666666666746,5.380666666666685,2.761605808292601e-06,4.107303574046728,14,4.0,gauss0.3arcmin,26,673,19,0,760.0
589,25.408666666666743,5.545333333333352,3.2138152355699417e-06,4.106688624166959,11,4.0,gauss0.25arcmin,210,674,17,0,589.0
704,25.715333333333422,6.652000000000022,1.980954693651373e-06,4.105611479919689,108,4.0,gauss0.75arcmin,320,675,18,0,704.0
590,26.695333333333416,6.5906666666666895,2.4266374044059955e-06,4.10393807373867,26,4.0,gauss0.4arcmin,745,676,17,0,590.0
591,25.917333333333406,5.050666666666684,2.896701571143196e-06,4.1038662861482615,15,4.0,gauss0.3arcmin,429,677,17,0,591.0
592,26.72933333333343,6.370000000000021,3.187984755430904e-06,4.102298630134176,12,4.0,gauss0.25arcmin,212,678,17,0,592.0
593,25.818666666666743,6.356000000000021,3.187908587344205e-06,4.102119231427542,14,4.0,gauss0.25arcmin,213,679,17,0,593.0
594,26.37000000000009,5.78200000000002,3.266291965971548e-06,4.100676076572781,13,4.0,gauss0.25arcmin,214,680,17,0,594.0
595,25.70333333333343,5.626000000000019,2.878532152346893e-06,4.099705256933454,15,4.0,gauss0.3arcmin,431,681,17,0,595.0
761,26.19800000000008,6.476666666666689,1.95678792579575e-06,4.099652356401051,83,4.0,gauss0.75arcmin,78,682,19,0,761.0
762,26.935333333333425,5.616666666666686,2.33929466375301e-06,4.099130652359029,27,4.0,gauss0.4arcmin,48,683,19,0,762.0
705,26.593333333333423,6.294666666666688,2.1772222855194717e-06,4.099089245868358,35,4.0,gauss0.5arcmin,213,684,18,0,705.0
706,26.324000000000083,6.254000000000021,2.7495125957920043e-06,4.097295568665503,15,4.0,gauss0.3arcmin,95,685,18,0,706.0
707,26.064666666666763,6.396000000000021,3.056159670017864e-06,4.095667308295932,12,4.0,gauss0.25arcmin,38,686,18,0,707.0
708,26.79400000000008,5.220666666666684,3.1983976600466217e-06,4.09537645187785,8,4.0,gauss0.25arcmin,39,687,18,0,708.0
596,25.11533333333341,6.411333333333355,3.140465910463816e-06,4.095192440166671,12,4.0,gauss0.25arcmin,215,688,17,0,596.0
597,26.33666666666674,6.000666666666687,2.289954871002593e-06,4.0934876686870485,43,4.0,gauss0.55arcmin,1058,689,17,0,597.0
598,25.476666666666745,6.078666666666687,2.798366998576694e-06,4.091747713246556,14,4.0,gauss0.3arcmin,436,690,17,0,598.0
599,25.06600000000008,5.186000000000018,3.1990021643427066e-06,4.089664006816268,7,4.0,gauss0.25arcmin,216,691,17,0,599.0
600,25.156666666666737,6.338000000000021,3.140601703525858e-06,4.089129219966225,9,4.0,gauss0.25arcmin,217,692,17,0,600.0
709,26.03200000000008,6.121333333333354,2.1667082577198752e-06,4.088699904681112,32,4.0,gauss0.5arcmin,214,693,18,0,709.0
601,25.923333333333417,6.199333333333354,2.643175254809361e-06,4.083717284892353,16,4.0,gauss0.35arcmin,602,694,17,0,601.0
602,25.128000000000096,5.989333333333353,3.1432340267792917e-06,4.083713461683448,9,4.0,gauss0.25arcmin,218,695,17,0,602.0
763,27.024666666666757,5.512666666666686,2.7000240121452355e-06,4.080998116107303,13,4.0,gauss0.3arcmin,27,696,19,0,763.0
603,26.63800000000008,6.605333333333356,2.7737059813511686e-06,4.080663441669284,11,4.0,gauss0.3arcmin,439,697,17,0,603.0
710,26.800666666666757,5.440666666666685,1.9922181821492737e-06,4.080372130910725,54,4.0,gauss0.75arcmin,322,698,18,0,710.0
604,26.467333333333425,5.560000000000019,2.9512638102353293e-06,4.078668727999792,14,4.0,gauss0.3arcmin,442,699,17,0,604.0
605,26.213333333333424,6.246000000000021,3.2106786926266708e-06,4.0785577733087175,7,4.0,gauss0.25arcmin,219,700,17,0,605.0
711,25.672666666666743,6.4580000000000215,1.964583432647017e-06,4.078263572484113,45,4.0,gauss0.7arcmin,297,701,18,0,711.0
764,25.58866666666676,6.2993333333333545,2.988569611635672e-06,4.077017118116623,9,4.0,gauss0.25arcmin,7,702,19,0,764.0
765,25.70400000000007,6.984000000000024,2.9623594894061257e-06,4.075538225965614,7,4.0,gauss0.25arcmin,8,703,19,0,765.0
712,26.47200000000008,5.425333333333351,3.180348737022121e-06,4.073955259929888,6,4.0,gauss0.25arcmin,41,704,18,0,712.0
606,25.29733333333342,6.0640000000000205,3.1347708209080994e-06,4.072566454572926,6,4.0,gauss0.25arcmin,220,705,17,0,606.0
607,26.10866666666675,5.038666666666684,2.1672716573535308e-06,4.07129239658816,48,4.0,gauss0.75arcmin,1335,706,17,0,607.0
608,26.8440000000001,6.017333333333354,3.251459447615385e-06,4.069418612812254,8,4.0,gauss0.25arcmin,221,707,17,0,608.0
609,26.14600000000009,6.135333333333354,3.2082490064001114e-06,4.068379367264683,8,4.0,gauss0.25arcmin,222,708,17,0,609.0
713,26.939333333333416,5.218000000000018,3.1703015815275407e-06,4.0650929198608745,8,4.0,gauss0.25arcmin,43,709,18,0,713.0
714,25.258000000000088,6.146000000000021,3.0153125622363444e-06,4.0650344375621685,7,4.0,gauss0.25arcmin,44,710,18,0,714.0
610,25.030666666666736,7.030000000000023,2.714291711916457e-06,4.0649748636763645,9,4.0,gauss0.3arcmin,449,711,17,0,610.0
715,25.84600000000008,5.190000000000017,3.1055841787426014e-06,4.0648065090184735,7,4.0,gauss0.25arcmin,45,712,18,0,715.0
788,26.82266666666675,5.045333333333351,3.0882774382381605e-06,4.064670029034947,7,4.0,gauss0.25arcmin,0,713,20,0,788.0
611,25.823333333333423,5.885333333333353,3.2040250677822342e-06,4.063938727071983,4,4.0,gauss0.25arcmin,224,714,17,0,611.0
612,26.14866666666675,5.792666666666686,2.489380569672238e-06,4.06332372757628,16,4.0,gauss0.4arcmin,750,715,17,0,612.0
613,25.332000000000072,6.555333333333356,3.1118740351767107e-06,4.059604666784411,6,4.0,gauss0.25arcmin,226,716,17,0,613.0
614,26.95000000000008,6.740000000000022,3.110705917780856e-06,4.058546945507253,5,4.0,gauss0.25arcmin,227,717,17,0,614.0
615,26.056000000000093,6.420666666666689,3.13425355178908e-06,4.0577417483153,4,4.0,gauss0.25arcmin,228,718,17,0,615.0
716,26.309333333333427,5.036000000000017,3.1112829166018767e-06,4.055448219051827,5,4.0,gauss0.25arcmin,46,719,18,0,716.0
717,26.763333333333417,6.014000000000021,3.121029498125229e-06,4.054595122823004,6,4.0,gauss0.25arcmin,47,720,18,0,717.0
766,25.488000000000078,5.024666666666684,2.980397388122083e-06,4.054569391536329,5,4.0,gauss0.25arcmin,9,721,19,0,766.0
616,25.63666666666676,5.308666666666684,3.1912346445083446e-06,4.054105870495316,6,4.0,gauss0.25arcmin,229,722,17,0,616.0
617,25.376000000000086,6.96266666666669,2.407090814294352e-06,4.054046834898715,12,4.0,gauss0.4arcmin,753,723,17,0,617.0
618,25.71333333333343,5.513333333333352,3.21246707673788e-06,4.053882311815285,6,4.0,gauss0.25arcmin,230,724,17,0,618.0
718,27.00933333333341,5.04733333333335,3.107647430451938e-06,4.053193260983368,6,4.0,gauss0.25arcmin,48,725,18,0,718.0
767,27.03733333333341,5.336000000000018,1.8789570244749236e-06,4.053179158914171,42,4.0,gauss0.75arcmin,79,726,19,0,767.0
719,24.923333333333428,5.035333333333351,2.9803012476198867e-06,4.053160211968625,6,4.0,gauss0.25arcmin,49,727,18,0,719.0
720,26.868666666666755,5.280666666666685,3.165257101735478e-06,4.053069587811449,5,4.0,gauss0.25arcmin,50,728,18,0,720.0
619,26.125333333333423,5.412666666666685,3.223263790743144e-06,4.051479093908959,8,4.0,gauss0.25arcmin,232,729,17,0,619.0
620,25.32600000000009,6.418666666666688,3.1067731773575644e-06,4.051284925275652,6,4.0,gauss0.25arcmin,233,730,17,0,620.0
805,26.43800000000009,5.974000000000021,3.0462445596259973e-06,4.051120719924357,5,4.0,gauss0.25arcmin,1,731,22,0,805.0
621,26.517333333333426,6.074666666666687,3.2365127848881543e-06,4.0508504425323295,5,4.0,gauss0.25arcmin,234,732,17,0,621.0
768,26.079333333333416,6.840000000000023,2.972643737973165e-06,4.047309882186551,5,4.0,gauss0.25arcmin,10,733,19,0,768.0
721,26.93333333333343,6.512000000000022,2.1051290701918942e-06,4.047017899019561,18,4.0,gauss0.5arcmin,217,734,18,0,721.0
722,25.72333333333343,6.960000000000024,2.996380699230271e-06,4.046858172260281,4,4.0,gauss0.25arcmin,51,735,18,0,722.0
769,25.956000000000078,6.393333333333355,2.9825042781551674e-06,4.046719830701453,4,4.0,gauss0.25arcmin,11,736,19,0,769.0
723,26.50000000000008,6.84466666666669,3.015096078740654e-06,4.045531342010359,6,4.0,gauss0.25arcmin,52,737,18,0,723.0
724,26.847333333333427,5.811333333333353,3.1143841231182343e-06,4.045121525251992,3,4.0,gauss0.25arcmin,53,738,18,0,724.0
622,26.481333333333414,6.94666666666669,3.099908847709389e-06,4.042635143041922,4,4.0,gauss0.25arcmin,238,739,17,0,622.0
725,25.342666666666737,5.669333333333353,3.0142135689100407e-06,4.040653737490635,5,4.0,gauss0.25arcmin,55,740,18,0,725.0
770,26.01066666666675,6.191333333333354,3.0224660695622595e-06,4.039933463609511,3,4.0,gauss0.25arcmin,12,741,19,0,770.0
623,25.41600000000008,6.253333333333354,2.550977897894924e-06,4.039665442966232,8,4.0,gauss0.35arcmin,620,742,17,0,623.0
726,26.911333333333413,6.955333333333357,3.0005485565685665e-06,4.038488167625585,3,4.0,gauss0.25arcmin,56,743,18,0,726.0
771,26.102666666666767,6.579333333333356,2.23821927797529e-06,4.0372856114218,9,4.0,gauss0.4arcmin,50,744,19,0,771.0
772,26.926666666666755,6.340666666666688,3.0154651499710435e-06,4.036814451765259,4,4.0,gauss0.25arcmin,13,745,19,0,772.0
624,26.03933333333342,5.93800000000002,3.183108826666094e-06,4.03650028203668,4,4.0,gauss0.25arcmin,241,746,17,0,624.0
625,25.308000000000085,5.679333333333353,2.338081856699321e-06,4.035240466462553,10,4.0,gauss0.45arcmin,872,747,17,0,625.0
773,26.80400000000008,5.677333333333353,3.0750386774347843e-06,4.034628663523894,3,4.0,gauss0.25arcmin,14,748,19,0,773.0
774,26.94466666666676,5.333333333333352,3.0853542777565188e-06,4.034191699921677,4,4.0,gauss0.25arcmin,15,749,19,0,774.0
775,26.738666666666763,5.1640000000000175,3.0904737065883597e-06,4.033662112523004,4,4.0,gauss0.25arcmin,16,750,19,0,775.0
727,26.752000000000088,6.442000000000022,1.966728260725866e-06,4.0317350113765125,21,4.0,gauss0.75arcmin,325,751,18,0,727.0
626,26.57600000000009,5.69400000000002,3.241325046131427e-06,4.029609366312541,4,4.0,gauss0.25arcmin,243,752,17,0,626.0
627,26.96600000000009,4.998666666666684,3.2167366609698786e-06,4.028041526298242,4,4.0,gauss0.25arcmin,244,753,17,0,627.0
789,25.890000000000093,5.826666666666687,2.251372492673294e-06,4.027635412245326,7,4.0,gauss0.4arcmin,9,754,20,0,789.0
728,25.575333333333408,5.496666666666686,3.025027007963615e-06,4.024652368931548,4,4.0,gauss0.25arcmin,58,755,18,0,728.0
776,25.782000000000096,6.2160000000000215,3.006942490796451e-06,4.024561957867029,2,4.0,gauss0.25arcmin,17,756,19,0,776.0
777,26.488666666666752,5.768000000000019,3.0561488403560405e-06,4.02431210527175,3,4.0,gauss0.25arcmin,18,757,19,0,777.0
729,25.791333333333405,6.419333333333355,2.997781658980425e-06,4.02427878892336,2,4.0,gauss0.25arcmin,59,758,18,0,729.0
778,26.88266666666677,6.830000000000024,2.60620404180499e-06,4.023343177567762,5,4.0,gauss0.3arcmin,31,759,19,0,778.0
730,26.149333333333413,6.362000000000021,3.011774095864804e-06,4.02317382942254,2,4.0,gauss0.25arcmin,60,760,18,0,730.0
628,26.94133333333344,5.272000000000018,3.272666373049046e-06,4.02243191891182,3,4.0,gauss0.25arcmin,245,761,17,0,628.0
731,26.72733333333341,6.596666666666689,1.960170927055279e-06,4.021949083010043,15,4.0,gauss0.75arcmin,326,762,18,0,731.0
779,25.82600000000008,5.731333333333353,3.011194434736654e-06,4.020383296488959,2,4.0,gauss0.25arcmin,19,763,19,0,779.0
790,26.327333333333407,6.095333333333354,2.4159393115220607e-06,4.020190819469387,5,4.0,gauss0.35arcmin,6,764,20,0,790.0
791,26.97000000000008,5.484666666666685,3.045600593521448e-06,4.019664470195585,2,4.0,gauss0.25arcmin,1,765,20,0,791.0
780,25.64000000000009,5.81800000000002,2.12345873492409e-06,4.019422531085807,6,4.0,gauss0.45arcmin,54,766,19,0,780.0
732,25.533333333333417,6.417333333333355,2.9758019278553155e-06,4.018665853937262,2,4.0,gauss0.25arcmin,61,767,18,0,732.0
629,26.85133333333341,5.74000000000002,2.858455373607743e-06,4.017727713013997,3,4.0,gauss0.3arcmin,462,768,17,0,629.0
781,26.451333333333416,6.780000000000023,2.6023734050892754e-06,4.017720061857932,2,4.0,gauss0.3arcmin,33,769,19,0,781.0
733,26.701333333333423,5.290666666666684,2.0059823706518064e-06,4.017474254964026,9,4.0,gauss0.65arcmin,280,770,18,0,733.0
734,26.646666666666743,5.379333333333352,3.1373762466711163e-06,4.017241419680281,3,4.0,gauss0.25arcmin,62,771,18,0,734.0
782,26.44200000000008,5.140666666666684,3.074960652370373e-06,4.017089424922472,1,4.0,gauss0.25arcmin,20,772,19,0,782.0
783,25.923333333333417,4.988666666666684,2.1316217312383053e-06,4.016720688303615,5,4.0,gauss0.45arcmin,55,773,19,0,783.0
735,25.803333333333423,6.186000000000021,3.0439181113649746e-06,4.015223231480716,1,4.0,gauss0.25arcmin,64,774,18,0,735.0
736,25.208666666666755,5.537333333333352,1.9799426906126856e-06,4.015004945834927,13,4.0,gauss0.75arcmin,327,775,18,0,736.0
737,26.76533333333341,5.09733333333335,3.1348242617173957e-06,4.014776907586877,1,4.0,gauss0.25arcmin,65,776,18,0,737.0
792,26.04666666666676,5.426000000000018,3.0101494864620365e-06,4.014639855720897,2,4.0,gauss0.25arcmin,2,777,20,0,792.0
793,26.93866666666675,5.150666666666684,1.950368439916473e-06,4.013934756227922,8,4.0,gauss0.6arcmin,12,778,20,0,793.0
794,26.426000000000094,7.067333333333357,2.898713111503152e-06,4.012916412520879,2,4.0,gauss0.25arcmin,3,779,20,0,794.0
738,26.952666666666765,5.989333333333353,3.080971350414078e-06,4.012842624063798,1,4.0,gauss0.25arcmin,67,780,18,0,738.0
739,26.295333333333414,5.581333333333352,3.082669670546173e-06,4.01281797561214,2,4.0,gauss0.25arcmin,68,781,18,0,739.0
630,25.17400000000008,5.8573333333333535,3.0875732639439174e-06,4.011111852665548,1,4.0,gauss0.25arcmin,248,782,17,0,630.0
631,27.007333333333417,6.322000000000021,2.092529702898177e-06,4.010825434176525,8,4.0,gauss0.75arcmin,1341,783,17,0,631.0
799,26.66733333333341,5.558666666666685,1.9464504813563986e-06,4.010508337446628,6,4.0,gauss0.6arcmin,6,784,21,0,799.0
632,25.137333333333405,5.91800000000002,3.08667020721563e-06,4.010154844044934,3,4.0,gauss0.25arcmin,249,785,17,0,632.0
740,25.13000000000009,6.596666666666689,2.967491145801459e-06,4.009048062920446,3,4.0,gauss0.25arcmin,69,786,18,0,740.0
784,26.93866666666675,6.208000000000021,3.0362177927760643e-06,4.008689938601748,1,4.0,gauss0.25arcmin,21,787,19,0,784.0
741,25.582666666666743,6.278666666666688,2.6261582674020296e-06,4.008623156170857,2,4.0,gauss0.3arcmin,115,788,18,0,741.0
633,25.14666666666674,5.282000000000018,2.451383393679577e-06,4.0085763463634665,2,4.0,gauss0.4arcmin,763,789,17,0,633.0
795,25.579333333333423,5.013333333333351,2.3564051082440678e-06,4.0085359503755225,4,4.0,gauss0.35arcmin,7,790,20,0,795.0
785,26.44800000000009,6.00800000000002,2.439936255996633e-06,4.006658200424568,3,4.0,gauss0.35arcmin,43,791,19,0,785.0
800,26.59266666666676,5.5980000000000185,2.6662311424408905e-06,4.006568218967798,3,4.0,gauss0.3arcmin,3,792,21,0,800.0
801,26.42666666666676,5.997333333333354,3.0163052019621828e-06,4.005871688697626,2,4.0,gauss0.25arcmin,0,793,21,0,801.0
796,26.07533333333343,6.567333333333355,2.927719894770186e-06,4.005732989665446,2,4.0,gauss0.25arcmin,4,794,20,0,796.0
802,25.735333333333426,5.970666666666687,2.967469460838626e-06,4.005227453738018,1,4.0,gauss0.25arcmin,1,795,21,0,802.0
742,26.70000000000009,5.962666666666687,3.082850330023766e-06,4.004995335062148,2,4.0,gauss0.25arcmin,70,796,18,0,742.0
743,26.508000000000088,6.738000000000023,2.9839519429518504e-06,4.003701186983277,1,4.0,gauss0.25arcmin,71,797,18,0,743.0
797,26.942666666666764,6.939333333333357,1.874439699176872e-06,4.003321324968257,4,4.0,gauss0.75arcmin,14,798,20,0,797.0
744,26.07533333333343,5.15933333333335,3.0580388407034927e-06,4.002324972001814,1,4.0,gauss0.25arcmin,72,799,18,0,744.0
745,26.395333333333408,5.474000000000019,2.0836873441797056e-06,4.002251254239736,1,4.0,gauss0.55arcmin,243,800,18,0,745.0
803,26.068000000000087,5.558666666666685,2.631894150638688e-06,4.001512601478928,1,4.0,gauss0.3arcmin,4,801,21,0,803.0
786,26.585333333333423,6.554000000000023,2.367348437584314e-06,4.000694819161842,1,4.0,gauss0.35arcmin,44,802,19,0,786.0
787,26.789333333333424,5.066666666666684,3.0621559348445216e-06,4.000566022847407,1,4.0,gauss0.25arcmin,22,803,19,0,787.0
798,26.394666666666744,5.798666666666686,2.4157696765296805e-06,4.000256941082728,1,4.0,gauss0.35arcmin,8,804,20,0,798.0
746,25.22466666666674,5.325333333333352,2.1917434093532046e-06,4.000232621268528,1,4.0,gauss0.45arcmin,199,805,18,0,746.0
